/*
SQLyog Community v11.31 (64 bit)
MySQL - 5.5.40-0ubuntu0.14.04.1 : Database - comunidad
*********************************************************************
*/

/*!40101 SET NAMES utf8 */;

/*!40101 SET SQL_MODE=''*/;

/*!40014 SET @OLD_UNIQUE_CHECKS=@@UNIQUE_CHECKS, UNIQUE_CHECKS=0 */;
/*!40014 SET @OLD_FOREIGN_KEY_CHECKS=@@FOREIGN_KEY_CHECKS, FOREIGN_KEY_CHECKS=0 */;
/*!40101 SET @OLD_SQL_MODE=@@SQL_MODE, SQL_MODE='NO_AUTO_VALUE_ON_ZERO' */;
/*!40111 SET @OLD_SQL_NOTES=@@SQL_NOTES, SQL_NOTES=0 */;
/*Table structure for table `accesscontrol` */

DROP TABLE IF EXISTS `accesscontrol`;

CREATE TABLE `accesscontrol` (
  `id` int(25) NOT NULL AUTO_INCREMENT,
  `username` varchar(250) NOT NULL,
  `webpage` varchar(250) NOT NULL,
  `fecha` timestamp NOT NULL DEFAULT CURRENT_TIMESTAMP,
  `movil` tinyint(1) NOT NULL DEFAULT '0',
  `ip` varchar(100) NOT NULL DEFAULT '',
  `agent` varchar(255) NOT NULL DEFAULT 'Desconocido',
  `browser` varchar(100) NOT NULL DEFAULT 'Otros',
  `platform` varchar(100) NOT NULL DEFAULT 'Otras',
  PRIMARY KEY (`id`),
  KEY `webpage` (`webpage`),
  KEY `fecha` (`fecha`),
  KEY `browser` (`browser`),
  KEY `platform` (`platform`)
) ENGINE=MyISAM DEFAULT CHARSET=utf8;

/*Data for the table `accesscontrol` */

/*Table structure for table `campaigns` */

DROP TABLE IF EXISTS `campaigns`;

CREATE TABLE `campaigns` (
  `id_campaign` int(11) unsigned NOT NULL AUTO_INCREMENT,
  `name_campaign` varchar(250) NOT NULL DEFAULT '',
  `desc_campaign` text NOT NULL,
  `active` tinyint(1) NOT NULL DEFAULT '1',
  `imagen_mini` varchar(250) NOT NULL DEFAULT '',
  `imagen_big` varchar(250) NOT NULL DEFAULT '',
  `id_campaign_type` int(11) NOT NULL DEFAULT '0',
  `novedad` tinyint(1) NOT NULL DEFAULT '0',
  PRIMARY KEY (`id_campaign`)
) ENGINE=MyISAM AUTO_INCREMENT=8 DEFAULT CHARSET=latin1;

/*Data for the table `campaigns` */

insert  into `campaigns`(`id_campaign`,`name_campaign`,`desc_campaign`,`active`,`imagen_mini`,`imagen_big`,`id_campaign_type`,`novedad`) values (1,'Gafas de sol - verano 2014','Lorem ipsum dolor sit amet, consectetur adipiscing elit. Etiam vitae turpis augue. Nam in sem quis quam malesuada condimentum. Nullam imperdiet nulla sapien, id consectetur lorem rhoncus eu. Duis eget risus sit amet augue facilisis volutpat. Integer pretium ultricies odio vitae ultricies.',1,'1399909815_5.aprendo_q.jpg','',2,1),(2,'Monturas colección 2014','In in sem a ipsum ultricies semper rutrum ut est. Sed nec enim mattis, dictum turpis in, cursus ipsum. Donec fermentum mollis risus, vel congue sem semper eu. Vivamus accumsan auctor rutrum. Morbi a congue diam.',1,'1399989568_5.aprendo_q.jpg','',2,0),(3,'Otras campañas','In semper sapien ac metus euismod, ut mollis elit ultrices. Nulla commodo tellus sit amet interdum rutrum. Pellentesque eget erat metus. Nam eget erat sit amet nisi pulvinar pharetra. Proin id est ultricies, facilisis ipsum id, dignissim purus. ',1,'1399989624_3.ranking.jpg','',3,0),(4,'Nueva campaña','sf sdfsdfsdf sdf',0,'','',2,0),(5,'Campaña nueva','En un lugar de la Mancha, de cuyo nombre no quiero acordarme, no ha mucho tiempo que vivía un hidalgo de los de lanza en astillero, adarga antigua, rocín flaco y galgo corredor. Una olla de algo más vaca que carnero, salpicón las más noches, duelos y quebrantos los sábados, lantejas los viernes, algún palomino de añadidura los domingos, consumían las tres partes de su hacienda.',0,'1399907395_8.oveja_ovejao.jpg','1399907353_1.home.jpg',2,1),(6,'sdfsdfsdf','dfs',0,'','',3,1),(7,'Reparación de lentes','Con estas razones perdía el pobre caballero el juicio, y desvelábase por entenderlas y desentrañarles el sentido, que no se lo sacara ni las entendiera el mesmo Aristóteles, si resucitara para sólo ello. ',1,'1399989816_8.oveja_ovejao.jpg','',1,0);

/*Table structure for table `campaigns_types` */

DROP TABLE IF EXISTS `campaigns_types`;

CREATE TABLE `campaigns_types` (
  `id_campaign_type` int(11) unsigned NOT NULL AUTO_INCREMENT,
  `campaign_type_name` varchar(250) NOT NULL DEFAULT '',
  `campaign_type_desc` text NOT NULL,
  PRIMARY KEY (`id_campaign_type`)
) ENGINE=MyISAM AUTO_INCREMENT=4 DEFAULT CHARSET=latin1;

/*Data for the table `campaigns_types` */

insert  into `campaigns_types`(`id_campaign_type`,`campaign_type_name`,`campaign_type_desc`) values (1,'Servicios','En un lugar de la Mancha, de cuyo nombre no quiero acordarme, no ha mucho tiempo que vivía un hidalgo de los de lanza en astillero, adarga antigua, rocín flaco y galgo corredor'),(2,'Productos','Una olla de algo más vaca que carnero, salpicón las más noches, duelos y quebrantos los sábados, lantejas los viernes, algún palomino de añadidura los domingos, consumían las tres partes de su hacienda. El resto della concluían sayo de velarte, calzas de velludo para las fiestas, con sus pantuflos de lo mesmo, y los días de entresemana se honraba con su vellorí de lo más fino. '),(3,'Otro tipo','Es, pues, de saber que este sobredicho hidalgo, los ratos que estaba ocioso, que eran los más del año, se daba a leer libros de caballerías, con tanta afición y gusto, que olvidó casi de todo punto el ejercicio de la caza, y aun la administración de su hacienda. ');

/*Table structure for table `config` */

DROP TABLE IF EXISTS `config`;

CREATE TABLE `config` (
  `telefono` varchar(250) NOT NULL DEFAULT '',
  `telefono2` varchar(250) DEFAULT '',
  `fax` varchar(250) NOT NULL DEFAULT '',
  `direccion` longtext NOT NULL,
  `ContactEmail` varchar(250) NOT NULL DEFAULT '',
  `SiteName` varchar(250) NOT NULL DEFAULT '',
  `SiteTitle` varchar(250) NOT NULL DEFAULT '',
  `SiteDesc` varchar(250) NOT NULL DEFAULT '',
  `SiteSubject` varchar(250) NOT NULL DEFAULT '',
  `SiteKeywords` longtext NOT NULL,
  `SiteUrl` varchar(250) NOT NULL DEFAULT '',
  `MailingEmail` varchar(250) NOT NULL DEFAULT ''
) ENGINE=MyISAM DEFAULT CHARSET=utf8;

/*Data for the table `config` */

insert  into `config`(`telefono`,`telefono2`,`fax`,`direccion`,`ContactEmail`,`SiteName`,`SiteTitle`,`SiteDesc`,`SiteSubject`,`SiteKeywords`,`SiteUrl`,`MailingEmail`) values ('+34','+34 2','+34 3','C/','dnoguera@imagar.com','Community-Php','Community-Php','Comunidad de usuarios Community-Php','Community-Php','Community-Php','http://comunidad.local.com','dnoguera2@imagar.com');

/*Table structure for table `cuestionarios` */

DROP TABLE IF EXISTS `cuestionarios`;

CREATE TABLE `cuestionarios` (
  `id_cuestionario` int(11) unsigned NOT NULL AUTO_INCREMENT,
  `nombre` varchar(250) NOT NULL DEFAULT '',
  `descripcion` longtext,
  `date_tarea` timestamp NOT NULL DEFAULT CURRENT_TIMESTAMP,
  `activo` tinyint(1) unsigned NOT NULL DEFAULT '1' COMMENT '0 inactivo; 1 activo; 2 eliminado',
  PRIMARY KEY (`id_cuestionario`)
) ENGINE=MyISAM AUTO_INCREMENT=16 DEFAULT CHARSET=latin1;

/*Data for the table `cuestionarios` */

insert  into `cuestionarios`(`id_cuestionario`,`nombre`,`descripcion`,`date_tarea`,`activo`) values (12,'Primer cuestionario','La descripci&oacute;n del primer cuestionario ampliado2','2014-10-13 13:56:44',1),(13,'Segundo cuestionario','<p>\r\n	Nullam quis risus eget urna mollis ornare vel eu leo. Cum sociis natoque penatibus et magnis dis parturient montes, nascetur ridiculus mus. Nullam id dolor id nibh ultricies vehicula.</p>\r\n<p>\r\n	Cum sociis natoque penatibus et magnis dis parturient montes, nascetur ridiculus mus. Donec ullamcorper nulla non metus auctor fringilla. Duis mollis, est non commodo luctus, nisi erat porttitor ligula, eget lacinia odio sem nec elit. Donec ullamcorper nulla non metus auctor fringilla.</p>\r\n','2014-10-13 17:54:36',1),(14,'prueba','jdskbslkd fsdjkfhsdjkfhsdjhfsdljfh sdmnf&nbsp;','2014-11-07 11:00:31',0),(15,'Primer cuestionario - Clon','La descripci&oacute;n del primer cuestionario ampliado2','2014-11-07 11:38:29',2);

/*Table structure for table `cuestionarios_finalizados` */

DROP TABLE IF EXISTS `cuestionarios_finalizados`;

CREATE TABLE `cuestionarios_finalizados` (
  `id_cuestionario` int(11) NOT NULL,
  `user_tarea` varchar(100) NOT NULL,
  `date_finalizacion` timestamp NOT NULL DEFAULT CURRENT_TIMESTAMP,
  `revision` tinyint(1) NOT NULL DEFAULT '0',
  `puntos` int(3) NOT NULL DEFAULT '0',
  `user_revision` varchar(100) NOT NULL DEFAULT '',
  `date_revision` datetime DEFAULT NULL,
  PRIMARY KEY (`id_cuestionario`,`user_tarea`)
) ENGINE=MyISAM DEFAULT CHARSET=utf8;

/*Data for the table `cuestionarios_finalizados` */

insert  into `cuestionarios_finalizados`(`id_cuestionario`,`user_tarea`,`date_finalizacion`,`revision`,`puntos`,`user_revision`,`date_revision`) values (13,'admin','2014-10-13 18:03:10',0,0,'',NULL);

/*Table structure for table `cuestionarios_preguntas` */

DROP TABLE IF EXISTS `cuestionarios_preguntas`;

CREATE TABLE `cuestionarios_preguntas` (
  `id_pregunta` int(11) unsigned NOT NULL AUTO_INCREMENT,
  `id_cuestionario` int(11) unsigned NOT NULL DEFAULT '0',
  `pregunta_texto` longtext NOT NULL,
  `pregunta_tipo` varchar(100) NOT NULL DEFAULT 'texto' COMMENT 'texto;unica;multiple',
  PRIMARY KEY (`id_pregunta`)
) ENGINE=MyISAM AUTO_INCREMENT=45 DEFAULT CHARSET=utf8;

/*Data for the table `cuestionarios_preguntas` */

insert  into `cuestionarios_preguntas`(`id_pregunta`,`id_cuestionario`,`pregunta_texto`,`pregunta_tipo`) values (37,12,'Color favorito','unica'),(38,12,'¿Que comida te gusta?','multiple'),(39,12,'Sexo','unica'),(40,13,'¿Desayunas por la mañanas?','unica'),(41,13,'¿Que haces espues de comer?','multiple'),(42,15,'Color favorito','unica'),(43,15,'¿Que comida te gusta?','multiple'),(44,15,'Sexo','unica');

/*Table structure for table `cuestionarios_respuestas` */

DROP TABLE IF EXISTS `cuestionarios_respuestas`;

CREATE TABLE `cuestionarios_respuestas` (
  `id_respuesta` int(11) unsigned NOT NULL AUTO_INCREMENT,
  `id_pregunta` int(11) unsigned NOT NULL DEFAULT '0',
  `respuesta_texto` longtext NOT NULL,
  PRIMARY KEY (`id_respuesta`)
) ENGINE=MyISAM AUTO_INCREMENT=155 DEFAULT CHARSET=utf8;

/*Data for the table `cuestionarios_respuestas` */

insert  into `cuestionarios_respuestas`(`id_respuesta`,`id_pregunta`,`respuesta_texto`) values (142,40,'Sí'),(143,40,'No'),(144,41,'Echar una siesta'),(145,41,'Tomar un café'),(146,41,'Fumar un cigarro'),(147,42,'azul'),(148,42,'rojo'),(149,42,'amarillo'),(150,43,'Carne'),(151,43,'Pescado'),(152,43,'Verdura'),(153,44,'Hombre'),(154,44,'Mujer');

/*Table structure for table `cuestionarios_respuestas_user` */

DROP TABLE IF EXISTS `cuestionarios_respuestas_user`;

CREATE TABLE `cuestionarios_respuestas_user` (
  `id_respuesta_user` int(11) unsigned NOT NULL AUTO_INCREMENT,
  `id_pregunta` int(11) unsigned NOT NULL DEFAULT '0',
  `respuesta_user` varchar(100) NOT NULL DEFAULT '',
  `respuesta_valor` longtext NOT NULL,
  PRIMARY KEY (`id_respuesta_user`)
) ENGINE=MyISAM AUTO_INCREMENT=4804 DEFAULT CHARSET=utf8;

/*Data for the table `cuestionarios_respuestas_user` */

insert  into `cuestionarios_respuestas_user`(`id_respuesta_user`,`id_pregunta`,`respuesta_user`,`respuesta_valor`) values (4796,37,'admin','azul'),(4797,38,'admin','Carne|Pescado'),(4798,39,'admin','Hombre'),(4799,40,'admin','No'),(4800,41,'admin','Tomar un café|Fumar un cigarro'),(4801,37,'david','azul'),(4802,38,'david','Carne|Pescado|Verdura'),(4803,39,'david','Mujer');

/*Table structure for table `destacados` */

DROP TABLE IF EXISTS `destacados`;

CREATE TABLE `destacados` (
  `id_destacado` int(11) unsigned NOT NULL AUTO_INCREMENT,
  `destacado_fecha` timestamp NOT NULL DEFAULT CURRENT_TIMESTAMP ON UPDATE CURRENT_TIMESTAMP,
  `destacado_tipo` varchar(20) DEFAULT 'foto',
  `destacado_id_file` int(11) DEFAULT '0',
  `destacado_texto` longtext,
  `activo` tinyint(1) DEFAULT '0',
  `canal_destacado` varchar(100) NOT NULL,
  PRIMARY KEY (`id_destacado`)
) ENGINE=MyISAM AUTO_INCREMENT=3 DEFAULT CHARSET=utf8;

/*Data for the table `destacados` */

insert  into `destacados`(`id_destacado`,`destacado_fecha`,`destacado_tipo`,`destacado_id_file`,`destacado_texto`,`activo`,`canal_destacado`) values (1,'2014-10-20 13:26:39','foto',56,'Una de las mejores fotos de la comunidad. Disfrutarla!!!',0,'comercial'),(2,'2014-10-20 13:26:39','video',4,'Un gran vídeo apto para todos los públicos',1,'comercial');

/*Table structure for table `foro_comentarios` */

DROP TABLE IF EXISTS `foro_comentarios`;

CREATE TABLE `foro_comentarios` (
  `id_comentario` int(11) unsigned NOT NULL AUTO_INCREMENT,
  `id_tema` int(11) NOT NULL DEFAULT '0',
  `canal` varchar(100) NOT NULL DEFAULT '',
  `comentario` longtext,
  `user_comentario` varchar(100) NOT NULL DEFAULT '',
  `date_comentario` timestamp NOT NULL DEFAULT CURRENT_TIMESTAMP,
  `votaciones` int(11) NOT NULL DEFAULT '0',
  `estado` tinyint(1) NOT NULL DEFAULT '0' COMMENT '0=pendiente; 1=validado;2=rechazado',
  `id_comentario_id` int(11) NOT NULL DEFAULT '0',
  PRIMARY KEY (`id_comentario`),
  KEY `id_tema` (`id_tema`)
) ENGINE=MyISAM AUTO_INCREMENT=115 DEFAULT CHARSET=utf8;

/*Data for the table `foro_comentarios` */

insert  into `foro_comentarios`(`id_comentario`,`id_tema`,`canal`,`comentario`,`user_comentario`,`date_comentario`,`votaciones`,`estado`,`id_comentario_id`) values (68,36,'','¿para que es este foro?','admin','2014-07-24 13:59:45',0,2,0),(69,36,'','A ver si alguien me lo explica....','admin','2014-07-24 14:00:10',1,1,0),(70,36,'','Nuevo comentario para el foro de comerciales','admin','2014-09-10 14:10:13',1,1,0),(71,36,'','pues sí','admin','2014-09-26 12:38:16',0,1,70),(72,36,'','Pues no','admin','2014-09-26 12:38:34',0,1,71),(73,36,'','Pue sí otra vez','admin','2014-09-26 12:38:45',0,1,72),(74,38,'','El primer comentario para este foro','admin','2014-09-29 13:50:51',0,1,0),(75,38,'','otro comentario pal foro','admin','2014-09-29 13:51:12',0,1,0),(76,39,'','Primer comentario pal foro','admin','2014-09-30 10:33:54',0,1,0),(77,40,'','Primer comentario en el segundo foro de gerentes','admin','2014-09-30 10:34:17',0,1,0),(78,36,'','otro comentario','admin','2014-09-30 10:35:04',0,1,0),(79,42,'','¿Que nuevas secciones os gustaria tener?','admin','2014-09-30 10:37:20',0,1,0),(80,42,'','Esperamos respuestas','admin','2014-09-30 10:40:52',0,1,0),(81,42,'','Seguimos esperando','admin','2014-10-03 10:40:18',0,1,0),(82,42,'','Otro comentario más pal foro','admin','2014-10-03 10:42:31',0,1,0),(83,42,'','dfsdsds','admin','2014-10-09 11:51:16',0,1,82),(84,42,'','gdfgd','admin','2014-10-09 11:51:26',0,1,83),(85,42,'','dsfds','admin','2014-10-09 11:51:35',0,1,84),(86,37,'','un comentario en el foro','admin','2014-10-09 16:44:03',0,1,0),(87,45,'','un comentario en un foro del área principal','admin','2014-10-09 18:19:07',0,1,0),(88,51,'','Me gusta la entrada en el blog','admin','2014-10-10 12:19:59',0,1,0),(89,51,'','Pon algo más!!!!','admin','2014-10-10 12:28:39',0,1,0),(90,51,'','Queremos mas!!!','admin','2014-10-10 15:07:12',0,1,0),(91,54,'','Pues sí, pues sí, ....','david','2014-10-11 18:14:19',0,1,0),(92,38,'','Lorem ipsum dolor sit amet, consectetur adipiscing elit. In ut sapien dui.','admin','2014-10-15 12:27:11',0,1,0),(93,41,'','¿como recupero la contraseña?','admin','2014-10-22 17:49:41',0,1,0),(94,57,'','primer comentario','admin','2014-10-23 13:44:35',0,1,0),(95,38,'','El usuario actual es el usuario bajo el que se ejecuta PHP. Probablemente no sea el mismo usuario que se utilize para el intérprete de comandos normal o el acceso FTP. EL modo puede ser cambiado sólo por el usuario al que pertenece el fichero en la mayoría de sistemas. ','admin','2014-10-24 11:39:22',0,1,0),(96,38,'','PHP verifica si los ficheros o directorios sobre los que se va a operar tienen el mismo UID (propietario) que el del script que está siendo ejecutado. Además, no se pueden establecer los bits SUID, SGID y sticky. ','admin','2014-10-24 11:39:35',0,1,0),(97,38,'','jhlkjhlkjhlkjh','admin','2014-11-07 12:16:15',0,1,0),(98,38,'','Mas comentarios en el foro de la comunidad','admin','2014-11-28 13:09:42',0,1,0),(99,38,'','mas comentarios. Me gustan los foros','admin','2014-11-28 13:10:34',0,1,0),(100,38,'','A mi tambien me gustan','admin','2014-11-28 13:11:23',0,1,0),(101,38,'','ggggggggggggg','admin','2014-11-28 13:11:34',0,1,0),(102,38,'','ghfghfghfhf','admin','2014-11-28 13:11:59',0,1,0),(103,38,'','dfdgdfgdg','admin','2014-11-28 13:14:44',0,1,0),(104,38,'','45454','admin','2014-11-28 13:16:18',0,1,0),(105,41,'','En recodar contraseña del login','david','2014-11-28 13:17:29',0,1,0),(106,38,'','fdgdfg','admin','2014-11-28 13:19:17',0,1,0),(107,38,'','ttttttttttttttttt ttttttttttt','admin','2014-11-28 13:20:58',0,1,0),(108,64,'','Podeis proponer temas y dar consejos a otros compañeros','david','2014-11-28 14:09:56',0,1,0),(109,64,'','Alguna propuesta','david','2014-11-28 18:02:25',0,1,0),(110,61,'','buena noticia!','admin','2014-11-28 18:20:19',0,1,0),(111,61,'','Puedes explicarlo un poco mejor','admin','2014-11-28 18:21:22',0,1,0),(112,61,'','hala!!!!!!','admin','2014-11-28 18:22:18',0,1,0),(113,64,'','pues no...','admin','2014-11-28 18:23:54',0,1,0),(114,64,'','Using these validation styles to denote the state of a form control only provides a visual indication, which will not be conveyed to users of assistive technologies ','admin','2014-11-28 20:06:41',0,1,0);

/*Table structure for table `foro_comentarios_votaciones` */

DROP TABLE IF EXISTS `foro_comentarios_votaciones`;

CREATE TABLE `foro_comentarios_votaciones` (
  `id_votacion` int(11) unsigned NOT NULL AUTO_INCREMENT,
  `id_comentario` int(11) NOT NULL DEFAULT '0',
  `user_votacion` varchar(100) NOT NULL DEFAULT '',
  `date_votacion` timestamp NOT NULL DEFAULT CURRENT_TIMESTAMP,
  PRIMARY KEY (`id_votacion`)
) ENGINE=MyISAM AUTO_INCREMENT=12 DEFAULT CHARSET=utf8;

/*Data for the table `foro_comentarios_votaciones` */

insert  into `foro_comentarios_votaciones`(`id_votacion`,`id_comentario`,`user_votacion`,`date_votacion`) values (10,70,'david','2014-09-23 09:50:48'),(11,69,'david','2014-09-23 09:51:34');

/*Table structure for table `foro_temas` */

DROP TABLE IF EXISTS `foro_temas`;

CREATE TABLE `foro_temas` (
  `id_tema` int(11) unsigned NOT NULL AUTO_INCREMENT,
  `id_tema_parent` int(11) NOT NULL DEFAULT '0',
  `tipo_tema` varchar(100) NOT NULL DEFAULT '',
  `nombre` varchar(250) NOT NULL DEFAULT '',
  `descripcion` longtext,
  `imagen_tema` varchar(250) NOT NULL DEFAULT '',
  `date_tema` timestamp NOT NULL DEFAULT CURRENT_TIMESTAMP,
  `user` varchar(100) NOT NULL DEFAULT '',
  `canal` varchar(100) NOT NULL DEFAULT '',
  `responsables` tinyint(1) unsigned NOT NULL DEFAULT '0',
  `itinerario` varchar(250) NOT NULL DEFAULT '',
  `activo` tinyint(1) NOT NULL DEFAULT '1',
  `id_area` int(11) NOT NULL DEFAULT '0',
  `ocio` tinyint(1) NOT NULL DEFAULT '0',
  PRIMARY KEY (`id_tema`)
) ENGINE=MyISAM AUTO_INCREMENT=66 DEFAULT CHARSET=utf8;

/*Data for the table `foro_temas` */

insert  into `foro_temas`(`id_tema`,`id_tema_parent`,`tipo_tema`,`nombre`,`descripcion`,`imagen_tema`,`date_tema`,`user`,`canal`,`responsables`,`itinerario`,`activo`,`id_area`,`ocio`) values (1,0,'','Foro principal','','','2014-07-24 13:55:21','admin','comercial',0,'',1,0,0),(2,0,'','Foro principal gerentes',NULL,'','2014-07-24 13:57:44','admin','gerente',0,'',1,0,0),(36,1,'','un temas en comerciales','Primer tema en el canal comercial para pruebas.','','2014-07-24 13:59:20','admin','comercial',0,'',1,0,0),(37,0,'','Área de prueba inicial','El primer curso de formación para el canal comerciales','','2014-08-01 09:06:32','admin','comercial',0,'',1,9,0),(38,1,'','Nuevo tema en los foros','¿Te gustan los foros de la comunidad? cuéntanos....','','2014-08-04 12:07:33','admin','comercial',0,'',1,0,0),(39,2,'','Un foro en canal gerentes','Foro de prueba para canal gerentes','','2014-09-30 10:30:50','admin','gerente',0,'',1,0,0),(40,2,'','Otro foro más en gerentes','Lorem ipsum dolor sit amet, consectetur adipiscing elit. Curabitur ligula sapien, cursus non aliquet sed, molestie eget augue. In lacus lacus, accumsan non tortor vel, lobortis porta eros.','','2014-09-30 10:33:02','admin','gerente',0,'',1,0,0),(41,1,'','FAQ comerciales','Foro para consultas frecuentes de comerciales','','2014-09-30 10:35:57','admin','comercial',0,'',1,0,0),(42,1,'','Nuevas secciones comerciales','Lorem ipsum dolor sit amet, consectetur adipiscing elit. Curabitur ligula sapien, cursus non aliquet sed, molestie eget augue. In lacus lacus, accumsan non tortor vel, lobortis porta eros.','','2014-09-30 10:36:45','admin','comercial',0,'',1,0,0),(43,0,'','Curso 2 de prueba de formación inicial para comerciales','Lorem ipsum dolor sit amet, consectetur adipiscing elit. Nam dolor nulla, sodales et pretium quis, iaculis id ex. Quisque pharetra in ex in hendrerit','','2014-10-02 11:33:19','admin','comercial',0,'',1,10,0),(44,1,'','Otro tema más','Lorem ipsum dolor sit amet, consectetur adipiscing elit. Nam dolor nulla, sodales et pretium quis, iaculis id ex. Quisque pharetra in ex in hendrerit. Nulla bibendum mollis pulvinar. Nullam felis leo, mattis quis lacus a, mattis dictum tortor. Mauris ac feugiat turpis. ','','2014-10-02 15:31:55','admin','comercial',0,'',1,0,0),(45,37,'','Otro curso en el área de trabajo PRUEBA INICIAL','HTML5 offers some new elements, primarily for semantic purposes. The elements include: section, article, aside, header, footer, nav, figure, figcaption, time, mark, main.','','2014-10-09 16:40:46','admin','comercial',0,'',1,9,0),(46,37,'','Otro foro en el área inicial','Partial support refers to missing the default styling. This is easily taken care of by using display:block for all new elements (except time and mark, these should be display:inline anyway). IE11 and older versions of other browsers do not support the <main> element.','','2014-10-09 16:45:46','admin','comercial',0,'',1,9,0),(47,37,'','Un foro en el areaa inicial','durante una semana, desde el 16 al 20 de junio tendrás que contestar a 3 preguntas diarias sobre la información que subimos en tu \"info\" siempre más. Una a las 10:00, otra a las 15:00 y otra a las 18:00. El viernes día 20 activaremos todas las preguntas a modo respesca para darte la última oportunidad para conseguir una camiseta del 2º aniversario.* *máximo 20 unidades','','2014-10-09 16:59:48','admin','comercial',0,'',1,9,0),(48,37,'','Más foros para el áreas INICIAL','Yes, you can enable accessible colors from this link or from the option under Settings. This color scheme will be used again on revisit. ','','2014-10-09 17:02:53','admin','comercial',0,'',1,9,0),(49,37,'','Más para el áre de trabajo INICIAL','Adding features takes quite some time and there are many requests for additions. Because of this I use Google Moderator to manage requests. Feel free to add/vote for your feature there.','','2014-10-09 17:03:37','admin','comercial',0,'',1,9,0),(50,0,'Maquetación, Diseño','¿Que diantres es Quijotipsum?','En un lugar de la Mancha, de cuyo nombre no quiero acordarme, no ha mucho tiempo que viv&iacute;a un hidalgo de los de lanza en astillero, adarga antigua, roc&iacute;n flaco y galgo corredor. Una olla de algo m&aacute;s vaca que carnero, salpic&oacute;n las m&aacute;s noches, duelos y quebrantos los s&aacute;bados, lantejas los viernes, alg&uacute;n palomino de a&ntilde;adidura los domingos, consum&iacute;an las tres partes de su hacienda. El resto della conclu&iacute;an sayo de velarte, calzas de velludo para las fiestas, con sus pantuflos de lo mesmo, y los d&iacute;as de entresemana se honraba con su vellor&iacute; de lo m&aacute;s fino.<br />\r\n<br />\r\nTen&iacute;a en su casa una ama que pasaba de los cuarenta, y una sobrina que no llegaba a los veinte, y un mozo de campo y plaza, que as&iacute; ensillaba el roc&iacute;n como tomaba la podadera. Frisaba la edad de nuestro hidalgo con los cincuenta a&ntilde;os; era de complexi&oacute;n recia, seco de carnes, enjuto de rostro, gran madrugador y amigo de la caza.<br />\r\n<br />\r\nQuieren decir que ten&iacute;a el sobrenombre de Quijada, o Quesada, que en esto hay alguna diferencia en los autores que deste caso escriben; aunque, por conjeturas veros&iacute;miles, se deja entender que se llamaba Quejana. Pero esto importa poco a nuestro cuento; basta que en la narraci&oacute;n d&eacute;l no se salga un punto de la verdad.<br />\r\n<br />\r\nPara mas informaci&oacute;n <a href=\"http://www.quijotipsum.com/\">http://www.quijotipsum.com/</a>','1412935026_postal5_quijote.jpeg','2014-09-19 11:57:06','admin','comercial',0,'',1,0,1),(51,0,'Maquetación, Diseño','Lorem ipsum dolor sit amet','<p>\r\n	&nbsp;</p>\r\n<table border=\"0\" cellpadding=\"1\" cellspacing=\"1\" style=\"width: 100%;\">\r\n	<tbody>\r\n		<tr>\r\n			<td>\r\n				<img alt=\"\" src=\"http://localhost/community-php/images/mailing/images/lorem-ipsum.jpg\" style=\"width: 216px; height: 150px;\" /></td>\r\n			<td>\r\n				Lorem ipsum dolor sit amet, consectetur adipiscing elit. Quisque nec interdum elit, sit amet porttitor est. Nulla malesuada molestie scelerisque. Nam convallis auctor sapien, a dapibus sem ornare et. Aenean eu orci vel tortor tempus sodales a eu elit. Aenean aliquam sodales massa, vel sodales turpis facilisis nec. Morbi euismod commodo rhoncus. Sed rutrum pretium quam semper dignissim. Maecenas vel augue sapien.</td>\r\n		</tr>\r\n	</tbody>\r\n</table>\r\nNullam rhoncus ac felis ut aliquam. Integer elementum, leo vitae convallis convallis, nisl tortor gravida sapien, bibendum suscipit ex quam sit amet massa. Proin sed purus fringilla, eleifend libero ut, imperdiet velit. Nullam eleifend aliquam mauris non posuere. Maecenas viverra felis enim. Vestibulum ante ipsum primis in faucibus orci luctus et ultrices posuere cubilia Curae; Integer tristique pellentesque enim at lobortis.<br />\r\n<p>\r\n	Curabitur dignissim mi sed venenatis scelerisque. Quisque eu risus fringilla, rutrum leo feugiat, tincidunt nibh. Nunc viverra porta erat. In tincidunt, nisi luctus vestibulum interdum, lectus odio imperdiet tellus, rhoncus tempus velit purus non ex. Fusce pretium ligula vitae sodales pulvinar. Nunc a mi pretium, semper nisi quis, hendrerit tellus. Sed tristique lectus non finibus pellentesque.</p>\r\nProin at dolor cursus, ullamcorper eros id, ornare tellus. Vivamus bibendum accumsan sem at cursus. Suspendisse molestie lorem molestie, volutpat mauris eget, bibendum quam. Aliquam faucibus rhoncus mauris, eu tempor leo porttitor a. Cras at tempor dui, nec lacinia magna. Nam blandit hendrerit risus, quis lobortis elit mattis ac. Nulla quis eleifend tortor, eget aliquam leo. Phasellus a quam vel turpis pretium eleifend facilisis ac diam. Suspendisse dapibus vitae metus ut scelerisque. Proin sodales sagittis tellus a pretium.','1412935528_lorem-ipsum.jpg','2014-10-10 12:05:28','admin','comercial',0,'',1,0,1),(52,0,'Maquetación, Diseño','Flat design concept','<div>\r\n	<br />\r\n	Flat design is a minimalistic design approach that emphasizes usability. It features clean, open space, crisp edges, bright colours and two-dimensional/flat illustrations.</div>\r\n<div>\r\n	<br />\r\n	Microsoft was one of the first to apply this design style to its interface, seen by some as a backlash against the popular skeuomorphic design that Apple kicked off with its iOS interface. Instead of converting a real-life object, such as a calendar, into a tiny realistic illustration, advocates of flat design identify apps with simple, icon-like images.</div>\r\n<div>\r\n	<br />\r\n	Rather than bringing aspects of real life to an interface, this illustrates a clear separation between technology and tactile objects.\r\n	<h2>\r\n		Minimalist doesn&#39;t mean boring</h2>\r\n	<div>\r\n		In flat design, ornamental elements are viewed as unnecessary clutter. If an aspect serves no functional purpose, it&#39;s a distraction from user experience. This is the reason for the minimalistic nature of flat design.</div>\r\n	<div>\r\n		<br />\r\n		However, just because it lacks any flashy design doesn&#39;t mean this style is boring. Bright, contrasting colours make illustrations and buttons pop from backgrounds, easily grab attention, and guide the user&#39;s eye. The purpose of minimalistic imagery also contributes to flat design&#39;s functional character.</div>\r\n</div>\r\n','1412947247_flatinspiration04.jpg','2014-10-10 15:20:47','admin','comercial',0,'',1,0,1),(53,0,'Diseño, Fotografía','The value of photography in web design','<div>\r\n	No matter the images you have in your library they will rarely be suitable for the task. Sorry, but that is most often the case. You need photography that has been taken for purpose, by a professional and with a brief from both client and designer.</div>\r\n<div>\r\n	&nbsp;</div>\r\n<div>\r\n	Consider the responsive nature of web design, different areas of the photo will be visible depending on the device size. The exact same web page is then rendered differently on different devices but we still keep control.</div>\r\n','1412947945_squiders1.jpg','2014-10-10 15:32:25','admin','comercial',0,'',1,0,1),(54,0,'Maquetación, Diseño','10 design mistakes that will bust your budget','<div>\r\n	Not all projects are smooth sailing. Sometimes things go wrong, clients aren&#39;t happy and the time and resources you originally planned to spend on the project expands exponentially. Your expected profit becomes dramatically scaled down and you may even end up making a loss...</div>\r\n<div>\r\n	<br />\r\n	Head some of the major problems off at the start by recognising these 10 common design project pitfalls and sidestepping them before they come back to bite you on your creative ass...</div>\r\n<h3>\r\n	01. You said &#39;yes&#39; but should have said &#39;no&#39;</h3>\r\n<img alt=\"\" src=\"http://localhost/community-php/images/mailing/images/design-busting-mistakes.jpg\" style=\"width: 100%; height: auto;\" /><br />\r\n<br />\r\nWe&acute;ve all done it. The lure of a big job can make you accept a commission without really thinking it through. Especially if you don&acute;t have any other work on. But ask yourself: are you really right for the job? Does it excite you? Sometimes it&acute;s better to say &acute;no&acute; to avoid problems further down the line.<br />\r\n','1412948542_flat-web-design-9.jpg','2014-10-10 15:42:22','admin','comercial',0,'',1,0,1),(55,0,'','Curso de inscripcion','Curso en el que los usuarios se pueden inscribir con un límite máximo de usuarios inscritos.','','2014-10-13 10:43:16','admin','comercial',0,'',1,11,0),(56,43,'','foro para el curso 2','La descripción del foro para el curso2','','2014-10-23 13:36:32','admin','comercial',0,'',1,10,0),(57,43,'','otro foro pal curso','Después de 10 días entrenando en el simulador, ha llegado la hora de demostrar el piloto que llevas dentro','','2014-10-23 13:40:44','admin','comercial',0,'',1,10,0),(58,43,'','Uno nuevo en el curso 2','As it currently stands, this question is not a good fit for our Q&A format. We expect answers to be supported by facts, references, or expertise, but this question will likely solicit debate, arguments, polling, or extended discussion. ','','2014-10-23 13:43:58','admin','comercial',0,'',1,10,0),(59,0,'','Story Theme','Lorem ipsum dolor sit amet, consectetur adipiscing elit. Nulla laoreet venenatis libero, ac accumsan erat pretium nec. Nam porttitor pretium ultricies. Aenean id faucibus ligula, id imperdiet enim. Sed hendrerit vulputate mattis. Proin at est bibendum, porttitor nulla ac, mollis diam.<br />\r\n<br />\r\nPraesent tristique viverra ex ullamcorper rhoncus. Vestibulum ante ipsum primis in faucibus orci luctus et ultrices posuere cubilia Curae; Nam justo sem, iaculis sed orci sollicitudin, facilisis posuere dui. Sed quis fermentum dolor, eu vestibulum orci. Aenean sodales sem eu magna consectetur feugiat. In hac habitasse platea dictumst. Donec interdum sagittis quam placerat pulvinar. Aliquam erat volutpat. Maecenas ac arcu vitae erat venenatis pharetra. Praesent vitae aliquam orci. Vestibulum condimentum mattis maximus. ','1415898580_230902-1405453869.png','2014-10-31 09:33:40','admin','comercial',0,'',1,0,1),(61,0,'','Nuevo iPhone6','Lorem ipsum dolor sit amet, consectetur adipiscing elit. Nulla laoreet venenatis libero, ac accumsan erat pretium nec. Nam porttitor pretium ultricies. Aenean id faucibus ligula, id imperdiet enim. Sed hendrerit vulputate mattis. Proin at est bibendum, porttitor nulla ac, mollis diam.<br />\r\n<br />\r\nPraesent tristique viverra ex ullamcorper rhoncus. Vestibulum ante ipsum primis in faucibus orci luctus et ultrices posuere cubilia Curae; Nam justo sem, iaculis sed orci sollicitudin, facilisis posuere dui. Sed quis fermentum dolor, eu vestibulum orci. Aenean sodales sem eu magna consectetur feugiat. In hac habitasse platea dictumst. Donec interdum sagittis quam placerat pulvinar. Aliquam erat volutpat. Maecenas ac arcu vitae erat venenatis pharetra. Praesent vitae aliquam orci. Vestibulum condimentum mattis maximus. ','1415898644_premio01594.jpg','2014-11-13 18:01:10','admin','comercial',0,'',1,0,1),(60,0,'','Prueba de saltos de linea','<p>\r\n	Lorem ipsum dolor sit amet, consectetur adipiscing elit. Ut non laoreet orci. Nullam non convallis diam. Nulla ac magna aliquam, egestas lectus id, gravida libero. Fusce aliquam augue at elementum placerat. Curabitur vel iaculis leo. In eros metus, viverra ac congue id, congue eget urna. Ut commodo volutpat nulla, a dictum diam consectetur id. Donec eget velit lorem. Interdum et malesuada fames ac ante ipsum primis in faucibus. Mauris semper nibh et egestas elementum. Ut ac convallis sem. Donec facilisis luctus placerat. Vestibulum nec iaculis tellus, at vestibulum ante. Fusce ut libero posuere, euismod leo dictum, volutpat velit. Donec sit amet est id quam scelerisque accumsan.</p>\r\n<p>\r\n	Nam varius quis ligula sed sodales. Etiam viverra, neque sit amet mollis dictum, turpis leo cursus sapien, vel vulputate ligula justo vel lectus. Sed vehicula ornare ornare. Nulla maximus sit amet eros ut efficitur. Mauris rhoncus tempus vulputate. Aliquam ultricies nulla sit amet augue auctor euismod. Donec ut accumsan nibh, ut venenatis quam.</p>\r\n','1415008210_tumblr_n8psyhbag61slhhf0o1_1280.jpg','2014-10-31 09:34:47','admin','comercial',0,'',1,0,1),(62,1,'','¿Porque se estropean con tan poco tiempo?','Lorem ipsum dolor sit amet, consectetur adipiscing elit. Maecenas vel quam nibh. Donec at eros in mi porta sagittis vitae at eros. Duis fringilla nunc commodo leo laoreet porta. ','','2014-11-19 14:02:39','admin','comercial',0,'',1,0,0),(63,0,'','foro Prueba de curso sin tareas','I was stumped for a long time by the fact that even when using addslashes and stripslashes explicitly on the field values double quotes (\") still didn´t seem to show up in strings read from a database. Until I looked at the source, and realised that the field value is just truncated at the first occurrence of a double quote. the remainder of the string is there (in the source), but is ignored when the form is displayed and submitted.','','2014-11-24 11:36:46','admin','comercial',0,'',1,12,0),(64,1,'','Foro para responsables de área','Foro para consultas de responsables de área','','2014-11-28 14:08:35','david','comercial',0,'',1,0,0),(65,1,'','Consultas Android','Foro de consultas para Android','','2014-11-29 00:29:49','admin','comercial',0,'',1,0,0);

/*Table structure for table `foro_visitas` */

DROP TABLE IF EXISTS `foro_visitas`;

CREATE TABLE `foro_visitas` (
  `id_visita` int(11) unsigned NOT NULL AUTO_INCREMENT,
  `username` varchar(250) NOT NULL DEFAULT '',
  `id_tema` int(11) NOT NULL DEFAULT '0',
  `fecha_visita` timestamp NOT NULL DEFAULT CURRENT_TIMESTAMP,
  `movil` tinyint(1) NOT NULL DEFAULT '0',
  PRIMARY KEY (`id_visita`)
) ENGINE=MyISAM AUTO_INCREMENT=1188 DEFAULT CHARSET=utf8;

/*Data for the table `foro_visitas` */

insert  into `foro_visitas`(`id_visita`,`username`,`id_tema`,`fecha_visita`,`movil`) values (477,'admin',36,'2014-07-24 13:59:32',0),(478,'admin',36,'2014-07-24 13:59:46',0),(479,'admin',36,'2014-07-24 14:00:10',0),(480,'admin',36,'2014-07-24 14:01:09',0),(481,'admin',36,'2014-07-24 14:01:58',0),(482,'admin',36,'2014-07-24 14:03:43',0),(483,'admin',36,'2014-07-24 14:03:48',0),(484,'admin',36,'2014-07-24 14:04:39',0),(485,'admin',36,'2014-07-24 14:06:22',0),(486,'admin',36,'2014-07-24 14:06:36',0),(487,'admin',36,'2014-07-24 14:07:54',0),(488,'admin',36,'2014-07-24 14:08:30',0),(489,'admin',36,'2014-07-24 14:08:41',0),(490,'admin',36,'2014-07-24 14:10:50',0),(491,'admin',36,'2014-07-24 14:10:56',0),(492,'admin',36,'2014-07-24 14:11:53',0),(493,'admin',36,'2014-07-24 14:12:14',0),(494,'admin',36,'2014-07-24 14:12:52',0),(495,'admin',36,'2014-07-24 15:02:37',0),(496,'admin',36,'2014-07-25 13:41:40',0),(497,'admin',36,'2014-07-25 13:42:11',0),(498,'admin',36,'2014-07-29 11:20:48',0),(499,'admin',36,'2014-07-29 11:27:50',0),(500,'admin',36,'2014-08-01 11:36:26',0),(501,'admin',36,'2014-08-04 12:06:56',0),(502,'admin',38,'2014-08-04 12:07:36',0),(503,'admin',36,'2014-08-11 12:03:08',0),(504,'admin',36,'2014-08-11 12:06:08',0),(505,'admin',36,'2014-08-11 12:06:52',0),(506,'admin',36,'2014-08-11 12:07:49',0),(507,'admin',36,'2014-08-11 12:09:35',0),(508,'admin',36,'2014-08-11 12:09:36',0),(509,'admin',36,'2014-08-11 12:10:20',0),(510,'admin',36,'2014-08-11 12:10:30',0),(511,'admin',36,'2014-08-11 12:10:30',0),(512,'admin',36,'2014-08-11 12:10:42',0),(513,'admin',36,'2014-08-11 12:11:54',0),(514,'admin',36,'2014-08-11 12:12:14',0),(515,'admin',36,'2014-08-11 12:12:29',0),(516,'admin',36,'2014-08-11 12:14:04',0),(517,'admin',36,'2014-08-11 12:14:05',0),(518,'admin',36,'2014-08-11 12:14:33',0),(519,'admin',36,'2014-08-11 12:14:33',0),(520,'admin',36,'2014-08-11 12:14:45',0),(521,'admin',36,'2014-08-11 12:14:46',0),(522,'admin',36,'2014-09-10 10:58:59',0),(523,'admin',36,'2014-09-10 10:59:13',0),(524,'admin',36,'2014-09-10 10:59:41',0),(525,'admin',36,'2014-09-10 14:09:51',0),(526,'admin',36,'2014-09-10 14:10:13',0),(527,'admin',36,'2014-09-10 14:10:23',0),(528,'admin',36,'2014-09-15 16:36:55',0),(529,'admin',36,'2014-09-15 16:37:46',0),(530,'admin',36,'2014-09-17 16:11:58',0),(531,'admin',36,'2014-09-18 16:27:30',0),(532,'admin',36,'2014-09-19 11:35:39',0),(533,'admin',36,'2014-09-19 11:36:43',0),(534,'admin',36,'2014-09-19 11:47:18',0),(535,'admin',36,'2014-09-19 11:49:12',0),(536,'admin',36,'2014-09-19 12:14:25',0),(537,'admin',36,'2014-09-19 12:14:42',0),(538,'admin',36,'2014-09-19 12:23:29',0),(539,'admin',36,'2014-09-19 12:47:42',0),(540,'admin',36,'2014-09-19 13:47:49',0),(541,'admin',36,'2014-09-19 15:43:01',0),(542,'admin',36,'2014-09-19 15:45:44',0),(543,'admin',36,'2014-09-19 17:29:44',0),(544,'admin',36,'2014-09-19 17:39:05',0),(545,'admin',36,'2014-09-19 17:40:01',0),(546,'admin',36,'2014-09-19 17:41:44',0),(547,'admin',36,'2014-09-19 18:16:23',0),(548,'admin',36,'2014-09-19 19:19:30',0),(549,'admin',36,'2014-09-20 08:23:11',0),(550,'admin',36,'2014-09-20 08:24:48',0),(551,'admin',36,'2014-09-20 10:18:20',0),(552,'admin',36,'2014-09-20 10:18:39',0),(553,'admin',36,'2014-09-20 10:20:06',0),(554,'admin',36,'2014-09-23 09:35:07',0),(555,'david',36,'2014-09-23 09:47:03',0),(556,'david',36,'2014-09-23 09:49:30',0),(557,'david',36,'2014-09-23 09:50:44',0),(558,'david',36,'2014-09-23 09:50:48',0),(559,'david',36,'2014-09-23 09:50:48',0),(560,'david',36,'2014-09-23 09:51:26',0),(561,'david',36,'2014-09-23 09:51:34',0),(562,'david',36,'2014-09-23 09:51:34',0),(563,'david',36,'2014-09-23 09:51:37',0),(564,'david',36,'2014-09-23 09:51:38',0),(565,'david',36,'2014-09-23 09:51:39',0),(566,'david',36,'2014-09-23 09:51:40',0),(567,'david',36,'2014-09-23 09:53:54',0),(568,'david',36,'2014-09-23 09:55:01',0),(569,'david',36,'2014-09-23 09:55:11',0),(570,'david',36,'2014-09-23 09:55:11',0),(571,'david',36,'2014-09-23 09:55:16',0),(572,'david',36,'2014-09-23 09:55:16',0),(573,'david',36,'2014-09-23 09:56:07',0),(574,'david',36,'2014-09-23 09:57:22',0),(575,'admin',36,'2014-09-23 09:57:31',0),(576,'admin',36,'2014-09-26 12:37:45',0),(577,'admin',36,'2014-09-26 12:38:16',0),(578,'admin',36,'2014-09-26 12:38:17',0),(579,'admin',36,'2014-09-26 12:38:34',0),(580,'admin',36,'2014-09-26 12:38:35',0),(581,'admin',36,'2014-09-26 12:38:45',0),(582,'admin',36,'2014-09-26 12:38:46',0),(583,'admin',36,'2014-09-29 13:50:31',0),(584,'admin',38,'2014-09-29 13:50:39',0),(585,'admin',38,'2014-09-29 13:50:51',0),(586,'admin',38,'2014-09-29 13:50:55',0),(587,'admin',38,'2014-09-29 13:51:12',0),(588,'admin',36,'2014-09-29 13:52:15',0),(589,'admin',36,'2014-09-29 13:52:21',0),(590,'admin',38,'2014-09-29 13:52:25',0),(591,'admin',38,'2014-09-29 15:18:07',0),(592,'admin',38,'2014-09-29 15:19:01',0),(593,'admin',38,'2014-09-29 15:25:46',0),(594,'admin',38,'2014-09-29 15:29:10',0),(595,'admin',36,'2014-09-29 15:30:17',0),(596,'admin',38,'2014-09-29 15:38:59',0),(597,'admin',38,'2014-09-29 15:39:44',0),(598,'admin',38,'2014-09-29 15:40:13',0),(599,'admin',38,'2014-09-29 15:40:53',0),(600,'admin',39,'2014-09-30 10:33:43',0),(601,'admin',39,'2014-09-30 10:33:54',0),(602,'admin',39,'2014-09-30 10:33:57',0),(603,'admin',40,'2014-09-30 10:34:03',0),(604,'admin',40,'2014-09-30 10:34:18',0),(605,'admin',36,'2014-09-30 10:34:55',0),(606,'admin',36,'2014-09-30 10:35:04',0),(607,'admin',42,'2014-09-30 10:37:00',0),(608,'admin',42,'2014-09-30 10:37:21',0),(609,'admin',42,'2014-09-30 10:40:41',0),(610,'admin',42,'2014-09-30 10:40:53',0),(611,'admin',42,'2014-09-30 11:13:51',0),(612,'admin',39,'2014-09-30 11:16:55',0),(613,'admin',42,'2014-09-30 11:30:19',0),(614,'admin',42,'2014-09-30 16:05:30',0),(615,'admin',42,'2014-09-30 16:06:00',0),(616,'admin',42,'2014-09-30 16:06:18',0),(617,'admin',38,'2014-09-30 16:06:27',0),(618,'admin',42,'2014-09-30 16:09:22',0),(619,'admin',42,'2014-09-30 16:15:58',0),(620,'admin',42,'2014-10-02 14:05:09',0),(621,'admin',42,'2014-10-03 10:39:47',0),(622,'admin',42,'2014-10-03 10:40:18',0),(623,'admin',42,'2014-10-03 10:42:08',0),(624,'admin',42,'2014-10-03 10:42:31',0),(625,'admin',42,'2014-10-03 13:32:03',0),(626,'admin',42,'2014-10-08 13:05:31',0),(627,'admin',42,'2014-10-09 09:03:44',0),(628,'admin',42,'2014-10-09 09:04:53',0),(629,'admin',42,'2014-10-09 09:05:32',0),(630,'admin',42,'2014-10-09 09:05:53',0),(631,'admin',42,'2014-10-09 09:06:25',0),(632,'admin',42,'2014-10-09 11:41:14',0),(633,'admin',42,'2014-10-09 11:51:00',0),(634,'admin',42,'2014-10-09 11:51:16',0),(635,'admin',42,'2014-10-09 11:51:16',0),(636,'admin',42,'2014-10-09 11:51:26',0),(637,'admin',42,'2014-10-09 11:51:26',0),(638,'admin',42,'2014-10-09 11:51:35',0),(639,'admin',42,'2014-10-09 11:51:35',0),(640,'admin',37,'2014-10-09 16:43:53',0),(641,'admin',37,'2014-10-09 16:44:03',0),(642,'admin',37,'2014-10-09 16:44:08',0),(643,'admin',37,'2014-10-09 16:46:29',0),(644,'admin',45,'2014-10-09 18:18:46',0),(645,'admin',45,'2014-10-09 18:19:07',0),(646,'admin',51,'2014-10-10 12:19:19',0),(647,'admin',51,'2014-10-10 12:19:59',0),(648,'admin',51,'2014-10-10 12:19:59',0),(649,'admin',51,'2014-10-10 12:20:43',0),(650,'admin',51,'2014-10-10 12:23:00',0),(651,'admin',51,'2014-10-10 12:23:17',0),(652,'admin',51,'2014-10-10 12:24:52',0),(653,'admin',51,'2014-10-10 12:24:54',0),(654,'admin',51,'2014-10-10 12:26:13',0),(655,'admin',51,'2014-10-10 12:26:40',0),(656,'admin',51,'2014-10-10 12:27:10',0),(657,'admin',51,'2014-10-10 12:27:39',0),(658,'admin',51,'2014-10-10 12:27:50',0),(659,'admin',51,'2014-10-10 12:27:58',0),(660,'admin',51,'2014-10-10 12:28:39',0),(661,'admin',51,'2014-10-10 12:28:39',0),(662,'admin',51,'2014-10-10 12:29:10',0),(663,'admin',51,'2014-10-10 12:30:22',0),(664,'admin',51,'2014-10-10 12:31:27',0),(665,'admin',51,'2014-10-10 12:33:11',0),(666,'admin',51,'2014-10-10 12:33:32',0),(667,'admin',51,'2014-10-10 13:34:25',0),(668,'admin',51,'2014-10-10 13:54:22',0),(669,'admin',51,'2014-10-10 14:07:31',0),(670,'admin',51,'2014-10-10 14:07:38',0),(671,'admin',51,'2014-10-10 14:07:46',0),(672,'admin',50,'2014-10-10 14:07:48',0),(673,'admin',51,'2014-10-10 14:53:15',0),(674,'admin',51,'2014-10-10 14:56:01',0),(675,'admin',51,'2014-10-10 14:56:45',0),(676,'admin',51,'2014-10-10 14:57:46',0),(677,'admin',51,'2014-10-10 14:58:44',0),(678,'admin',50,'2014-10-10 14:59:02',0),(679,'admin',50,'2014-10-10 15:06:35',0),(680,'admin',51,'2014-10-10 15:06:46',0),(681,'admin',51,'2014-10-10 15:07:12',0),(682,'admin',51,'2014-10-10 15:07:13',0),(683,'admin',51,'2014-10-10 15:07:49',0),(684,'admin',51,'2014-10-10 15:08:19',0),(685,'admin',50,'2014-10-10 15:09:11',0),(686,'admin',50,'2014-10-10 15:09:54',0),(687,'admin',51,'2014-10-10 15:10:01',0),(688,'admin',51,'2014-10-10 15:11:36',0),(689,'admin',51,'2014-10-10 15:12:44',0),(690,'admin',51,'2014-10-10 15:13:52',0),(691,'admin',51,'2014-10-10 15:13:57',0),(692,'admin',51,'2014-10-10 15:14:48',0),(693,'admin',52,'2014-10-10 15:21:10',0),(694,'admin',52,'2014-10-10 15:23:20',0),(695,'admin',52,'2014-10-10 15:24:20',0),(696,'admin',51,'2014-10-10 15:24:30',0),(697,'admin',50,'2014-10-10 15:24:42',0),(698,'admin',52,'2014-10-10 15:25:22',0),(699,'admin',51,'2014-10-10 15:26:18',0),(700,'admin',51,'2014-10-10 15:33:13',0),(701,'admin',53,'2014-10-10 15:33:17',0),(702,'admin',53,'2014-10-10 15:34:19',0),(703,'admin',51,'2014-10-10 15:35:26',0),(704,'admin',53,'2014-10-10 15:36:19',0),(705,'admin',53,'2014-10-10 15:36:52',0),(706,'admin',53,'2014-10-10 15:37:25',0),(707,'admin',54,'2014-10-10 15:42:25',0),(708,'admin',53,'2014-10-10 15:43:01',0),(709,'admin',54,'2014-10-10 15:43:07',0),(710,'admin',54,'2014-10-10 15:44:35',0),(711,'admin',54,'2014-10-10 15:44:57',0),(712,'admin',53,'2014-10-10 17:05:43',0),(713,'admin',53,'2014-10-10 17:06:58',0),(714,'admin',53,'2014-10-10 17:08:14',0),(715,'admin',50,'2014-10-10 17:31:23',0),(716,'admin',54,'2014-10-10 18:09:34',0),(717,'admin',54,'2014-10-10 18:10:44',0),(718,'admin',54,'2014-10-10 18:13:03',0),(719,'admin',50,'2014-10-10 18:15:01',0),(720,'admin',51,'2014-10-10 18:15:07',0),(721,'admin',54,'2014-10-10 18:16:19',0),(722,'admin',54,'2014-10-10 18:16:23',0),(723,'admin',54,'2014-10-10 18:16:35',0),(724,'admin',54,'2014-10-10 18:19:14',0),(725,'admin',54,'2014-10-10 18:24:51',0),(726,'admin',54,'2014-10-10 18:26:37',0),(727,'admin',54,'2014-10-10 18:27:13',0),(728,'admin',54,'2014-10-10 18:36:16',0),(729,'admin',54,'2014-10-10 18:37:32',0),(730,'admin',54,'2014-10-10 19:14:19',0),(731,'admin',54,'2014-10-10 19:14:19',0),(732,'admin',51,'2014-10-10 19:22:29',0),(733,'admin',51,'2014-10-10 19:26:52',0),(734,'admin',51,'2014-10-10 19:28:12',0),(735,'admin',51,'2014-10-10 19:33:10',0),(736,'admin',54,'2014-10-10 19:36:56',0),(737,'admin',53,'2014-10-10 19:37:29',0),(738,'admin',54,'2014-10-10 19:37:46',0),(739,'admin',42,'2014-10-10 19:38:40',0),(740,'admin',54,'2014-10-10 20:23:12',0),(741,'admin',54,'2014-10-10 20:24:25',0),(742,'admin',54,'2014-10-10 20:24:33',0),(743,'admin',51,'2014-10-10 20:34:14',0),(744,'admin',54,'2014-10-10 20:53:40',0),(745,'admin',50,'2014-10-10 20:54:14',0),(746,'admin',50,'2014-10-10 20:57:36',0),(747,'admin',50,'2014-10-10 20:58:08',0),(748,'admin',51,'2014-10-10 20:58:27',0),(749,'admin',54,'2014-10-10 20:58:30',0),(750,'admin',53,'2014-10-10 20:58:33',0),(751,'admin',54,'2014-10-10 20:58:36',0),(752,'admin',53,'2014-10-10 20:58:40',0),(753,'admin',52,'2014-10-10 20:58:41',0),(754,'admin',54,'2014-10-10 20:58:57',0),(755,'admin',53,'2014-10-10 20:59:03',0),(756,'admin',54,'2014-10-10 20:59:32',0),(757,'admin',54,'2014-10-10 21:00:02',0),(758,'admin',54,'2014-10-11 17:18:21',0),(759,'admin',52,'2014-10-11 17:19:50',0),(760,'admin',53,'2014-10-11 17:19:58',0),(761,'admin',54,'2014-10-11 17:20:19',0),(762,'admin',42,'2014-10-11 17:27:14',0),(763,'admin',42,'2014-10-11 17:34:43',0),(764,'admin',54,'2014-10-11 17:51:09',0),(765,'admin',51,'2014-10-11 17:52:23',0),(766,'admin',51,'2014-10-11 17:54:22',0),(767,'admin',38,'2014-10-11 17:54:52',0),(768,'david',54,'2014-10-11 18:06:08',0),(769,'david',54,'2014-10-11 18:13:53',0),(770,'david',54,'2014-10-11 18:14:19',0),(771,'david',54,'2014-10-11 18:14:19',0),(772,'david',54,'2014-10-11 18:15:20',0),(773,'admin',42,'2014-10-14 18:09:09',0),(774,'admin',42,'2014-10-14 18:09:36',0),(775,'admin',42,'2014-10-14 18:09:37',0),(776,'admin',42,'2014-10-14 18:09:40',0),(777,'admin',42,'2014-10-14 18:09:52',0),(778,'admin',42,'2014-10-14 18:10:08',0),(779,'admin',51,'2014-10-15 08:53:17',0),(780,'admin',54,'2014-10-15 12:20:28',0),(781,'admin',54,'2014-10-15 12:22:50',0),(782,'admin',42,'2014-10-15 12:23:15',0),(783,'admin',42,'2014-10-15 12:23:45',0),(784,'admin',42,'2014-10-15 12:24:46',0),(785,'admin',42,'2014-10-15 12:24:49',0),(786,'admin',42,'2014-10-15 12:24:53',0),(787,'admin',42,'2014-10-15 12:25:13',0),(788,'admin',36,'2014-10-15 12:25:24',0),(789,'admin',41,'2014-10-15 12:25:34',0),(790,'admin',44,'2014-10-15 12:25:49',0),(791,'admin',38,'2014-10-15 12:25:58',0),(792,'admin',42,'2014-10-15 12:26:12',0),(793,'admin',38,'2014-10-15 12:26:19',0),(794,'admin',38,'2014-10-15 12:26:19',0),(795,'admin',38,'2014-10-15 12:27:11',0),(796,'admin',42,'2014-10-15 12:30:03',0),(797,'admin',38,'2014-10-15 12:30:21',0),(798,'admin',38,'2014-10-15 12:30:27',0),(799,'admin',42,'2014-10-15 12:30:37',0),(800,'admin',42,'2014-10-15 12:32:52',0),(801,'admin',42,'2014-10-15 12:33:11',0),(802,'admin',42,'2014-10-15 12:33:16',0),(803,'admin',42,'2014-10-15 12:33:20',0),(804,'admin',42,'2014-10-15 12:33:25',0),(805,'admin',38,'2014-10-15 12:33:33',0),(806,'admin',38,'2014-10-15 12:33:39',0),(807,'admin',42,'2014-10-15 12:34:58',0),(808,'admin',42,'2014-10-15 12:35:00',0),(809,'admin',42,'2014-10-15 12:35:27',0),(810,'admin',38,'2014-10-15 12:35:38',0),(811,'admin',54,'2014-10-15 12:38:18',0),(812,'admin',54,'2014-10-15 17:15:20',0),(813,'admin',51,'2014-10-15 17:18:31',0),(814,'admin',51,'2014-10-15 17:18:35',0),(815,'admin',51,'2014-10-15 17:18:36',0),(816,'admin',54,'2014-10-15 17:19:17',0),(817,'admin',54,'2014-10-15 17:19:36',0),(818,'admin',52,'2014-10-15 17:22:12',0),(819,'admin',53,'2014-10-15 17:22:13',0),(820,'admin',54,'2014-10-15 17:22:16',0),(821,'admin',54,'2014-10-15 17:22:38',0),(822,'admin',54,'2014-10-15 17:23:21',0),(823,'admin',38,'2014-10-15 18:03:54',0),(824,'admin',38,'2014-10-15 18:06:00',0),(825,'admin',38,'2014-10-15 18:07:03',0),(826,'admin',38,'2014-10-15 18:07:06',0),(827,'admin',38,'2014-10-15 18:07:51',0),(828,'admin',38,'2014-10-15 18:08:10',0),(829,'admin',38,'2014-10-15 18:08:12',0),(830,'admin',38,'2014-10-15 18:14:48',0),(831,'admin',42,'2014-10-15 18:14:52',0),(832,'admin',42,'2014-10-15 18:15:48',0),(833,'admin',42,'2014-10-15 18:16:03',0),(834,'admin',42,'2014-10-15 18:17:02',0),(835,'admin',42,'2014-10-15 18:18:46',0),(836,'admin',42,'2014-10-15 18:18:50',0),(837,'admin',42,'2014-10-15 18:19:14',0),(838,'admin',42,'2014-10-15 18:19:30',0),(839,'admin',42,'2014-10-15 18:19:32',0),(840,'admin',51,'2014-10-16 09:59:36',0),(841,'admin',51,'2014-10-16 09:59:50',0),(842,'admin',38,'2014-10-16 13:33:07',0),(843,'admin',38,'2014-10-16 13:33:23',0),(844,'admin',54,'2014-10-16 13:36:12',0),(845,'admin',42,'2014-10-17 13:23:53',0),(846,'admin',36,'2014-10-17 13:24:14',0),(847,'admin',38,'2014-10-17 13:24:19',0),(848,'admin',54,'2014-10-17 13:25:42',0),(849,'admin',38,'2014-10-17 13:28:52',0),(850,'admin',38,'2014-10-17 13:29:33',0),(851,'admin',38,'2014-10-17 13:30:00',0),(852,'admin',38,'2014-10-17 13:30:34',0),(853,'admin',38,'2014-10-17 13:30:45',0),(854,'admin',38,'2014-10-17 13:36:54',0),(855,'admin',38,'2014-10-17 13:38:52',0),(856,'admin',38,'2014-10-17 13:40:07',0),(857,'admin',38,'2014-10-17 13:41:03',0),(858,'david',38,'2014-10-17 13:42:48',0),(859,'david',38,'2014-10-17 13:43:01',0),(860,'david',38,'2014-10-17 13:43:42',0),(861,'david',38,'2014-10-17 13:44:06',0),(862,'admin',38,'2014-10-17 13:44:27',0),(863,'admin',38,'2014-10-17 13:44:56',0),(864,'admin',42,'2014-10-17 13:45:13',0),(865,'admin',38,'2014-10-17 13:45:23',0),(866,'admin',38,'2014-10-17 13:46:28',0),(867,'admin',38,'2014-10-17 13:47:20',0),(868,'admin',54,'2014-10-17 13:47:41',0),(869,'admin',52,'2014-10-17 13:47:49',0),(870,'admin',51,'2014-10-17 13:47:52',0),(871,'admin',51,'2014-10-17 13:48:40',0),(872,'david',38,'2014-10-17 13:48:50',0),(873,'admin',51,'2014-10-17 13:49:13',0),(874,'admin',51,'2014-10-17 13:49:30',0),(875,'admin',51,'2014-10-17 13:49:58',0),(876,'admin',51,'2014-10-17 13:50:17',0),(877,'admin',51,'2014-10-17 13:52:25',0),(878,'admin',51,'2014-10-17 13:52:46',0),(879,'admin',51,'2014-10-17 13:53:18',0),(880,'admin',51,'2014-10-17 13:54:11',0),(881,'admin',51,'2014-10-17 13:54:57',0),(882,'admin',51,'2014-10-17 13:56:10',0),(883,'admin',51,'2014-10-17 13:56:33',0),(884,'admin',51,'2014-10-17 13:56:48',0),(885,'admin',51,'2014-10-17 13:57:09',0),(886,'admin',51,'2014-10-17 13:57:40',0),(887,'admin',51,'2014-10-17 13:58:21',0),(888,'admin',51,'2014-10-17 13:58:54',0),(889,'admin',51,'2014-10-17 14:02:13',0),(890,'admin',51,'2014-10-17 14:02:34',0),(891,'admin',51,'2014-10-17 14:02:51',0),(892,'admin',51,'2014-10-17 14:03:12',0),(893,'admin',51,'2014-10-17 14:03:21',0),(894,'admin',51,'2014-10-17 14:03:40',0),(895,'admin',51,'2014-10-17 14:03:51',0),(896,'admin',54,'2014-10-17 16:54:56',0),(897,'admin',54,'2014-10-17 17:08:43',0),(898,'admin',38,'2014-10-17 17:12:46',0),(899,'admin',54,'2014-10-18 01:07:33',0),(900,'admin',54,'2014-10-18 01:11:30',0),(901,'admin',54,'2014-10-18 01:11:34',0),(902,'admin',54,'2014-10-18 01:11:43',0),(903,'admin',54,'2014-10-18 01:14:13',0),(904,'admin',54,'2014-10-18 01:15:09',0),(905,'admin',54,'2014-10-18 01:15:17',0),(906,'admin',54,'2014-10-18 01:15:21',0),(907,'admin',54,'2014-10-18 01:16:01',0),(908,'admin',54,'2014-10-18 01:16:05',0),(909,'admin',54,'2014-10-18 01:16:16',0),(910,'admin',54,'2014-10-18 01:16:20',0),(911,'admin',54,'2014-10-18 01:16:21',0),(912,'admin',54,'2014-10-18 01:16:23',0),(913,'admin',54,'2014-10-18 01:16:58',0),(914,'admin',54,'2014-10-18 01:17:03',0),(915,'admin',54,'2014-10-18 01:17:05',0),(916,'admin',51,'2014-10-20 08:53:33',0),(917,'admin',38,'2014-10-20 17:54:41',0),(918,'admin',38,'2014-10-20 17:55:37',0),(919,'admin',38,'2014-10-20 17:55:45',0),(920,'admin',54,'2014-10-21 08:56:32',0),(921,'admin',54,'2014-10-21 08:57:43',0),(922,'admin',54,'2014-10-21 09:23:07',0),(923,'admin',54,'2014-10-21 09:35:02',0),(924,'admin',54,'2014-10-21 09:36:07',0),(925,'admin',38,'2014-10-21 09:57:59',0),(926,'admin',38,'2014-10-21 11:38:22',0),(927,'admin',36,'2014-10-21 11:38:31',0),(928,'admin',41,'2014-10-21 11:38:35',0),(929,'admin',44,'2014-10-21 11:38:41',0),(930,'admin',42,'2014-10-21 11:38:48',0),(931,'admin',42,'2014-10-21 11:39:10',0),(932,'admin',54,'2014-10-21 11:39:14',0),(933,'admin',38,'2014-10-21 11:42:19',0),(934,'admin',38,'2014-10-21 13:26:16',0),(935,'admin',38,'2014-10-21 13:26:21',0),(936,'admin',38,'2014-10-21 13:26:31',0),(937,'admin',38,'2014-10-21 13:26:38',0),(938,'admin',38,'2014-10-21 13:26:46',0),(939,'admin',38,'2014-10-21 14:53:37',0),(940,'admin',38,'2014-10-21 14:56:13',0),(941,'admin',54,'2014-10-21 18:02:49',0),(942,'admin',54,'2014-10-21 18:06:01',0),(943,'admin',54,'2014-10-21 18:06:02',0),(944,'admin',54,'2014-10-21 18:06:12',0),(945,'admin',54,'2014-10-21 18:06:12',0),(946,'admin',38,'2014-10-21 18:06:15',0),(947,'admin',54,'2014-10-21 18:06:38',0),(948,'admin',54,'2014-10-22 11:13:36',0),(949,'admin',54,'2014-10-22 12:54:57',0),(950,'admin',54,'2014-10-22 12:56:23',0),(951,'admin',54,'2014-10-22 12:57:37',0),(952,'admin',54,'2014-10-22 13:13:43',0),(953,'admin',54,'2014-10-22 13:14:14',0),(954,'admin',54,'2014-10-22 13:16:28',0),(955,'admin',54,'2014-10-22 13:17:12',0),(956,'admin',54,'2014-10-22 13:17:14',0),(957,'admin',54,'2014-10-22 13:17:28',0),(958,'admin',54,'2014-10-22 13:18:42',0),(959,'admin',54,'2014-10-22 13:19:37',0),(960,'admin',54,'2014-10-22 13:20:02',0),(961,'admin',54,'2014-10-22 13:20:22',0),(962,'admin',54,'2014-10-22 13:22:54',0),(963,'admin',54,'2014-10-22 13:22:57',0),(964,'admin',54,'2014-10-22 13:25:16',0),(965,'admin',54,'2014-10-22 13:25:54',0),(966,'admin',54,'2014-10-22 13:26:24',0),(967,'admin',54,'2014-10-22 13:26:52',0),(968,'admin',54,'2014-10-22 13:27:16',0),(969,'admin',54,'2014-10-22 13:27:36',0),(970,'admin',54,'2014-10-22 15:45:36',0),(971,'admin',54,'2014-10-22 16:54:32',0),(972,'admin',52,'2014-10-22 16:54:38',0),(973,'admin',54,'2014-10-22 16:54:41',0),(974,'admin',54,'2014-10-22 17:00:24',0),(975,'admin',54,'2014-10-22 17:34:01',0),(976,'admin',54,'2014-10-22 17:37:45',0),(977,'admin',54,'2014-10-22 17:40:39',0),(978,'admin',38,'2014-10-22 17:48:02',0),(979,'admin',42,'2014-10-22 17:48:07',0),(980,'admin',42,'2014-10-22 17:49:08',0),(981,'admin',41,'2014-10-22 17:49:24',0),(982,'admin',41,'2014-10-22 17:49:41',0),(983,'admin',51,'2014-10-23 08:35:18',0),(984,'admin',51,'2014-10-23 11:28:22',0),(985,'admin',51,'2014-10-23 11:29:07',0),(986,'admin',51,'2014-10-23 11:30:52',0),(987,'admin',51,'2014-10-23 11:33:31',0),(988,'admin',51,'2014-10-23 11:36:10',0),(989,'admin',51,'2014-10-23 11:36:57',0),(990,'admin',51,'2014-10-23 11:43:45',0),(991,'admin',51,'2014-10-23 11:44:03',0),(992,'admin',51,'2014-10-23 11:44:04',0),(993,'admin',51,'2014-10-23 11:46:12',0),(994,'admin',51,'2014-10-23 11:47:01',0),(995,'admin',51,'2014-10-23 11:47:01',0),(996,'admin',51,'2014-10-23 11:47:16',0),(997,'admin',51,'2014-10-23 11:51:56',0),(998,'admin',51,'2014-10-23 12:25:33',0),(999,'admin',57,'2014-10-23 13:44:27',0),(1000,'admin',57,'2014-10-23 13:44:35',0),(1001,'admin',51,'2014-10-23 16:44:26',0),(1002,'admin',51,'2014-10-24 08:41:04',0),(1003,'admin',51,'2014-10-24 11:03:57',0),(1004,'admin',41,'2014-10-24 11:38:16',0),(1005,'admin',42,'2014-10-24 11:38:25',0),(1006,'admin',42,'2014-10-24 11:38:34',0),(1007,'admin',36,'2014-10-24 11:38:48',0),(1008,'admin',38,'2014-10-24 11:39:01',0),(1009,'admin',38,'2014-10-24 11:39:22',0),(1010,'admin',38,'2014-10-24 11:39:35',0),(1011,'admin',38,'2014-10-24 11:39:46',0),(1012,'admin',38,'2014-10-24 11:39:48',0),(1013,'admin',38,'2014-10-24 11:39:49',0),(1014,'admin',38,'2014-10-24 11:40:12',0),(1015,'admin',38,'2014-10-24 11:40:25',0),(1016,'admin',38,'2014-10-24 11:40:27',0),(1017,'admin',54,'2014-10-27 12:36:36',0),(1018,'admin',54,'2014-10-30 08:47:27',0),(1019,'admin',54,'2014-10-30 08:48:20',0),(1020,'admin',54,'2014-10-30 08:48:42',0),(1021,'admin',54,'2014-10-30 08:48:51',0),(1022,'admin',54,'2014-10-30 10:26:54',0),(1023,'admin',54,'2014-10-30 10:27:22',0),(1024,'admin',54,'2014-10-30 10:28:09',0),(1025,'admin',54,'2014-10-30 10:28:22',0),(1026,'admin',54,'2014-10-30 10:28:34',0),(1027,'admin',54,'2014-10-30 11:17:15',0),(1028,'admin',54,'2014-10-30 11:18:10',0),(1029,'admin',54,'2014-10-30 11:18:55',0),(1030,'admin',54,'2014-10-30 11:19:08',0),(1031,'admin',54,'2014-10-30 11:19:26',0),(1032,'admin',54,'2014-10-30 11:19:39',0),(1033,'admin',54,'2014-10-30 11:39:08',0),(1034,'admin',54,'2014-10-30 11:39:16',0),(1035,'admin',54,'2014-10-30 11:39:27',0),(1036,'admin',54,'2014-10-30 11:39:35',0),(1037,'admin',38,'2014-10-30 16:57:38',0),(1038,'admin',38,'2014-10-31 14:03:48',0),(1039,'admin',60,'2014-10-31 14:04:00',0),(1040,'admin',60,'2014-11-03 10:49:44',0),(1041,'admin',60,'2014-11-03 10:50:15',0),(1042,'admin',60,'2014-11-03 10:50:55',0),(1043,'admin',59,'2014-11-03 10:51:00',0),(1044,'admin',60,'2014-11-03 10:51:23',0),(1045,'admin',60,'2014-11-03 10:51:59',0),(1046,'admin',60,'2014-11-07 10:20:50',0),(1047,'admin',60,'2014-11-07 10:21:13',0),(1048,'admin',60,'2014-11-07 10:21:22',0),(1049,'admin',60,'2014-11-07 10:22:32',0),(1050,'admin',60,'2014-11-07 10:34:57',0),(1051,'admin',38,'2014-11-07 10:39:34',0),(1052,'admin',38,'2014-11-07 11:35:03',0),(1053,'admin',60,'2014-11-07 12:16:06',0),(1054,'admin',38,'2014-11-07 12:16:11',0),(1055,'admin',38,'2014-11-07 12:16:16',0),(1056,'admin',38,'2014-11-07 12:16:17',0),(1057,'admin',38,'2014-11-11 14:46:54',0),(1058,'admin',60,'2014-11-11 14:47:43',0),(1059,'admin',54,'2014-11-11 14:47:50',0),(1060,'admin',60,'2014-11-11 14:47:53',0),(1061,'admin',60,'2014-11-11 14:48:47',0),(1062,'admin',60,'2014-11-11 14:48:49',0),(1063,'admin',60,'2014-11-11 14:48:51',0),(1064,'admin',60,'2014-11-11 14:49:21',0),(1065,'admin',60,'2014-11-11 14:50:49',0),(1066,'admin',60,'2014-11-11 14:52:19',0),(1067,'admin',60,'2014-11-11 14:52:21',0),(1068,'admin',60,'2014-11-11 14:52:22',0),(1069,'admin',60,'2014-11-11 14:52:27',0),(1070,'admin',60,'2014-11-11 14:52:49',0),(1071,'admin',56,'2014-11-12 10:03:10',0),(1072,'admin',57,'2014-11-12 10:03:17',0),(1073,'admin',42,'2014-11-12 10:03:30',0),(1074,'admin',42,'2014-11-12 10:04:17',0),(1075,'admin',60,'2014-11-12 10:08:36',0),(1076,'admin',60,'2014-11-13 17:24:43',0),(1077,'admin',60,'2014-11-13 17:24:50',0),(1078,'admin',60,'2014-11-13 17:26:47',0),(1079,'admin',61,'2014-11-13 18:08:49',0),(1080,'admin',61,'2014-11-13 18:09:15',0),(1081,'admin',61,'2014-11-13 18:10:50',0),(1082,'admin',38,'2014-11-14 17:51:00',0),(1083,'admin',38,'2014-11-14 17:51:56',0),(1084,'admin',38,'2014-11-14 17:53:59',0),(1085,'admin',38,'2014-11-14 17:55:13',0),(1086,'admin',38,'2014-11-14 17:56:47',0),(1087,'admin',38,'2014-11-14 17:56:48',0),(1088,'admin',38,'2014-11-14 17:57:26',0),(1089,'admin',38,'2014-11-14 17:57:28',0),(1090,'admin',38,'2014-11-14 17:57:29',0),(1091,'admin',38,'2014-11-14 17:57:35',0),(1092,'admin',38,'2014-11-14 19:54:12',0),(1093,'admin',61,'2014-11-14 19:58:09',0),(1094,'admin',61,'2014-11-14 20:17:32',0),(1095,'admin',61,'2014-11-14 20:20:15',0),(1096,'admin',38,'2014-11-14 20:51:46',0),(1097,'david',61,'2014-11-18 13:50:49',0),(1098,'admin',61,'2014-11-18 17:20:15',0),(1099,'20266370N',61,'2014-11-19 11:14:51',0),(1100,'david',61,'2014-11-20 08:53:16',0),(1101,'david',61,'2014-11-20 08:55:23',0),(1102,'admin',61,'2014-11-20 10:17:43',0),(1103,'admin',61,'2014-11-20 10:37:22',0),(1104,'david',61,'2014-11-20 14:33:49',0),(1105,'david',61,'2014-11-20 14:34:07',0),(1106,'david',61,'2014-11-20 14:34:41',0),(1107,'david',38,'2014-11-20 14:35:12',0),(1108,'david',38,'2014-11-20 14:35:20',0),(1109,'david',61,'2014-11-20 15:49:02',0),(1110,'admin',61,'2014-11-20 16:15:27',0),(1111,'admin',61,'2014-11-20 16:16:55',0),(1112,'admin',61,'2014-11-20 16:20:33',0),(1113,'admin',38,'2014-11-20 16:23:00',0),(1114,'admin',38,'2014-11-20 16:25:06',0),(1115,'admin',38,'2014-11-20 16:25:51',0),(1116,'admin',61,'2014-11-20 16:45:32',0),(1117,'admin',61,'2014-11-20 17:14:37',0),(1118,'admin',61,'2014-11-21 12:27:54',0),(1119,'admin',61,'2014-11-21 13:08:19',0),(1120,'admin',61,'2014-11-21 13:08:54',0),(1121,'admin',61,'2014-11-21 13:09:28',0),(1122,'admin',38,'2014-11-28 13:09:29',0),(1123,'admin',38,'2014-11-28 13:09:42',0),(1124,'admin',38,'2014-11-28 13:10:01',0),(1125,'admin',38,'2014-11-28 13:10:10',0),(1126,'admin',38,'2014-11-28 13:10:13',0),(1127,'admin',38,'2014-11-28 13:10:34',0),(1128,'admin',38,'2014-11-28 13:11:10',0),(1129,'admin',38,'2014-11-28 13:11:13',0),(1130,'admin',38,'2014-11-28 13:11:24',0),(1131,'admin',38,'2014-11-28 13:11:34',0),(1132,'admin',38,'2014-11-28 13:11:59',0),(1133,'admin',38,'2014-11-28 13:14:44',0),(1134,'admin',38,'2014-11-28 13:16:18',0),(1135,'david',41,'2014-11-28 13:17:09',0),(1136,'david',41,'2014-11-28 13:17:29',0),(1137,'admin',38,'2014-11-28 13:19:17',0),(1138,'admin',38,'2014-11-28 13:20:52',0),(1139,'admin',38,'2014-11-28 13:20:59',0),(1140,'david',64,'2014-11-28 14:09:16',0),(1141,'david',64,'2014-11-28 14:09:56',0),(1142,'david',61,'2014-11-28 17:03:57',0),(1143,'david',64,'2014-11-28 18:02:12',0),(1144,'david',64,'2014-11-28 18:02:25',0),(1145,'admin',61,'2014-11-28 18:19:58',0),(1146,'admin',61,'2014-11-28 18:20:19',0),(1147,'admin',61,'2014-11-28 18:20:19',0),(1148,'admin',61,'2014-11-28 18:21:22',0),(1149,'admin',61,'2014-11-28 18:21:22',0),(1150,'admin',61,'2014-11-28 18:22:03',0),(1151,'admin',61,'2014-11-28 18:22:18',0),(1152,'admin',61,'2014-11-28 18:22:18',0),(1153,'admin',61,'2014-11-28 18:22:26',0),(1154,'admin',64,'2014-11-28 18:23:13',0),(1155,'admin',64,'2014-11-28 18:23:55',0),(1156,'admin',64,'2014-11-28 19:31:32',0),(1157,'admin',64,'2014-11-28 19:32:09',0),(1158,'admin',64,'2014-11-28 19:47:44',0),(1159,'admin',64,'2014-11-28 19:48:18',0),(1160,'admin',64,'2014-11-28 19:49:20',0),(1161,'admin',64,'2014-11-28 19:50:11',0),(1162,'admin',64,'2014-11-28 19:50:28',0),(1163,'admin',64,'2014-11-28 19:51:02',0),(1164,'admin',64,'2014-11-28 19:52:10',0),(1165,'admin',64,'2014-11-28 19:56:36',0),(1166,'admin',64,'2014-11-28 19:57:52',0),(1167,'admin',64,'2014-11-28 20:00:13',0),(1168,'admin',64,'2014-11-28 20:00:45',0),(1169,'admin',64,'2014-11-28 20:01:30',0),(1170,'admin',64,'2014-11-28 20:02:01',0),(1171,'admin',64,'2014-11-28 20:06:15',0),(1172,'admin',64,'2014-11-28 20:06:42',0),(1173,'admin',64,'2014-11-29 00:39:28',0),(1174,'admin',61,'2014-11-29 00:40:51',0),(1175,'admin',61,'2014-11-29 00:43:32',0),(1176,'admin',61,'2014-11-29 00:43:50',0),(1177,'admin',61,'2014-11-29 00:44:00',0),(1178,'admin',61,'2014-11-29 00:44:56',0),(1179,'admin',61,'2014-11-29 00:45:23',0),(1180,'admin',61,'2014-11-29 00:45:59',0),(1181,'admin',61,'2014-11-29 00:46:02',0),(1182,'admin',61,'2014-11-29 00:46:03',0),(1183,'admin',61,'2014-11-29 00:46:17',0),(1184,'admin',61,'2014-11-29 00:48:52',0),(1185,'admin',61,'2014-11-29 00:49:16',0),(1186,'admin',61,'2014-11-29 00:49:46',0),(1187,'admin',61,'2014-11-29 00:49:56',0);

/*Table structure for table `galeria_fotos` */

DROP TABLE IF EXISTS `galeria_fotos`;

CREATE TABLE `galeria_fotos` (
  `id_file` int(11) unsigned NOT NULL AUTO_INCREMENT,
  `id_promocion` int(11) NOT NULL DEFAULT '0',
  `tipo_foto` varchar(250) NOT NULL DEFAULT '',
  `titulo` varchar(100) NOT NULL DEFAULT '',
  `name_file` varchar(250) NOT NULL DEFAULT '',
  `user_add` varchar(100) NOT NULL DEFAULT '',
  `date_foto` timestamp NOT NULL DEFAULT CURRENT_TIMESTAMP,
  `canal` varchar(100) NOT NULL DEFAULT '',
  `estado` tinyint(1) NOT NULL DEFAULT '0',
  `fotos_puntos` int(11) NOT NULL DEFAULT '0',
  `seleccion_reto` tinyint(1) NOT NULL DEFAULT '0',
  `formacion` tinyint(1) NOT NULL DEFAULT '0',
  `id_album` int(11) NOT NULL DEFAULT '0',
  PRIMARY KEY (`id_file`)
) ENGINE=MyISAM AUTO_INCREMENT=60 DEFAULT CHARSET=utf8;

/*Data for the table `galeria_fotos` */

insert  into `galeria_fotos`(`id_file`,`id_promocion`,`tipo_foto`,`titulo`,`name_file`,`user_add`,`date_foto`,`canal`,`estado`,`fotos_puntos`,`seleccion_reto`,`formacion`,`id_album`) values (1,0,'','Calendario abril','1410340463_apr-14-relax-cal-1600x1050.png','admin','2014-09-10 11:14:23','comercial',1,145,0,0,1),(2,0,'','Una pa generentes','1410780922_apr-14-april-cosmos-cal-1920x1080.jpg','admin','2014-09-15 13:35:22','gerente',1,0,0,0,1),(3,0,'','Calendario septiembre','1411482621_sept-14-dream-it-cal-1920x1080.png','pedro','2014-09-23 16:30:21','comercial',1,23,0,0,1),(4,0,'','Calendario Julio','1411482736_july-14-sweet-season-cal-1400x1050.png','senen','2014-09-23 16:32:16','comercial',1,0,0,0,1),(5,0,'','sss','1411483841_captura_de_pantalla_de_2014-06-10_12_46_24.png','admin','2014-09-23 16:50:41','comercial',2,0,0,0,0),(6,0,'','Calendario junio','1411484095png','admin','2014-09-23 16:54:55','comercial',1,1,0,0,1),(7,0,'','Impresión liquidaciones','1411484211JPG','senen','2014-09-23 16:56:51','comercial',1,15,0,0,2),(8,0,'','Comunidad particulares','1411484234png','pedro','2014-09-23 16:57:14','comercial',1,0,0,0,2),(9,0,'','Comunidad particulares 2012','1411484281png','admin','2014-09-23 16:58:01','comercial',1,45,0,0,2),(10,0,'','Comunidad empresas','1411484304png','admin','2014-09-23 16:58:24','comercial',1,0,0,0,2),(11,0,'','Foto vertical','1411546388.jpg','pedro','2014-09-24 10:13:08','comercial',1,0,0,0,2),(12,0,'','prueba','1411546578.JPG','senen','2014-09-24 10:16:18','comercial',1,5,0,0,2),(13,0,'','Corazón','1411546841.jpg','admin','2014-09-24 10:20:41','comercial',1,0,0,0,5),(14,0,'','Joda','1411546944.png','pedro','2014-09-24 10:22:24','gerente',1,0,0,0,3),(15,0,'','El malo...','1411546963.jpg','admin','2014-09-24 10:22:43','gerente',2,0,0,0,3),(16,0,'','Banner tira','1411547073.jpg','senen','2014-09-24 10:24:33','comercial',2,0,0,0,2),(17,0,'','Simpsons...','1411547097.jpg','admin','2014-09-24 10:24:57','comercial',1,0,0,0,3),(18,0,'','Captura e un video','1411549318.png','admin','2014-09-24 11:01:58','comercial',1,33,0,0,4),(19,0,'','Ensalada rica','1411549430.jpg','admin','2014-09-24 11:03:50','comercial',1,0,0,0,4),(20,0,'','Tienda Orange','1411549443.jpg','admin','2014-09-24 11:04:03','comercial',1,7,0,0,5),(21,0,'','Dulces','1411549459.jpg','admin','2014-09-24 11:04:19','comercial',1,2,0,0,4),(22,0,'','¿cuales me compro?','1411549492.jpg','admin','2014-09-24 11:04:52','comercial',1,49,0,0,5),(23,0,'','Con mi abanico','1411566184.jpg','admin','2014-09-24 15:43:04','comercial',1,0,0,0,5),(24,0,'','Una boca brillante','1411566205.jpg','admin','2014-09-24 15:43:25','gerente',1,0,0,0,3),(25,0,'','Cartel','1411566227.jpg','admin','2014-09-24 15:43:47','gerente',1,0,0,0,2),(26,0,'','Aporreando con el martillo','1411566257.jpg','admin','2014-09-24 15:44:17','gerente',1,0,0,0,5),(27,0,'','Pantallazo de iPhone','1411566298.jpg','admin','2014-09-24 15:44:58','gerente',1,0,0,0,2),(28,0,'','Haciendo el cabra','1411566318.jpg','admin','2014-09-24 15:45:18','comercial',1,0,0,0,5),(29,0,'','Flores que se comen','1411566341.jpg','admin','2014-09-24 15:45:41','comercial',1,0,0,0,4),(30,0,'','Web movistar','1411566984.jpg','admin','2014-09-24 15:56:24','comercial',1,0,0,0,2),(31,0,'','Mi pueblo con nieve','1411567007.jpg','admin','2014-09-24 15:56:47','gerente',1,0,0,0,5),(32,0,'','Perros durmiendo','1411567051.jpg','admin','2014-09-24 15:57:31','comercial',1,0,0,0,6),(33,0,'','Pero que cerdos!!!, pero que bien viven...','1411567098.jpg','admin','2014-09-24 15:58:18','comercial',1,0,0,0,6),(34,0,'','Mi perro Juanfran','1411567123.jpg','admin','2014-09-24 15:58:43','comercial',1,0,0,0,6),(35,0,'','Perro sonriendo','1411567205.jpg','admin','2014-09-24 16:00:05','comercial',1,0,0,0,6),(36,0,'','Felicidades','1411567346.jpg','admin','2014-09-24 16:02:26','comercial',1,1,0,0,5),(37,0,'','Algo con arroz','1411567365.jpg','admin','2014-09-24 16:02:45','gerente',1,0,0,0,4),(38,0,'','Hamburguesa','1411567385.jpg','admin','2014-09-24 16:03:05','gerente',1,0,0,0,4),(39,0,'','Verduritas','1411567405.jpg','admin','2014-09-24 16:03:25','gerente',1,0,0,0,4),(40,0,'','Esquema de arboles','1411567434.jpg','admin','2014-09-24 16:03:54','comercial',1,0,0,0,5),(41,0,'','La oveja negra','1411567477.jpg','admin','2014-09-24 16:04:37','comercial',1,0,0,0,6),(42,0,'','Felices Fiestas','1411567494.jpg','admin','2014-09-24 16:04:54','comercial',1,1,0,0,5),(43,0,'','Mi rana','1411567515.jpg','admin','2014-09-24 16:05:15','comercial',1,1,0,0,6),(44,0,'','Lata Amena','1411567537.jpg','admin','2014-09-24 16:05:37','comercial',1,0,0,0,5),(45,0,'','La niña maru','1411568077.jpg','admin','2014-09-24 16:14:37','comercial',2,0,0,0,5),(46,0,'','Felicitación cumpleaños','1411568101.jpg','admin','2014-09-24 16:15:01','comercial',1,0,0,0,5),(47,0,'','Mi gato','1411568120.jpg','admin','2014-09-24 16:15:20','comercial',1,0,0,0,6),(48,0,'','Tarta de chocolate','1411568140.jpg','borja','2014-09-24 16:15:40','comercial',1,0,0,0,4),(49,0,'','Cagarruta ed algo','1411568191.jpg','david','2014-09-24 16:16:31','comercial',1,2,0,0,5),(50,0,'','Corriendo bajo la nieve','1411568211.jpg','admin','2014-09-24 16:16:51','comercial',1,0,0,0,5),(51,0,'','Koala','1411568227.jpg','borja','2014-09-24 16:17:07','comercial',1,0,0,0,6),(52,0,'','Corazon naranja','1411568249.jpg','david','2014-09-24 16:17:29','comercial',1,0,0,0,5),(53,0,'','Monitos sonrientes','1411568276.jpg','admin','2014-09-24 16:17:56','comercial',1,1,0,0,6),(54,0,'','El inspector Gadget','1411568294.jpg','david','2014-09-24 16:18:14','comercial',1,0,0,0,3),(55,0,'','Logo whatsapp','1411568326.jpg','admin','2014-09-24 16:18:46','comercial',1,0,0,0,5),(56,0,'','Escalera','1411733326.jpg','borja','2014-09-26 14:08:46','comercial',1,0,0,0,5),(57,0,'','All Blacks','1411733362.jpg','david','2014-09-26 14:09:22','comercial',1,1,0,0,5),(58,0,'','Pasarela Kiabi','1415181923.png','admin','2014-11-05 11:05:23','comercial',0,0,0,0,0),(59,0,'','Prueba','1417176379.jpg','admin','2014-11-28 13:06:19','comercial',0,0,0,0,0);

/*Table structure for table `galeria_fotos_albumes` */

DROP TABLE IF EXISTS `galeria_fotos_albumes`;

CREATE TABLE `galeria_fotos_albumes` (
  `id_album` int(11) unsigned NOT NULL AUTO_INCREMENT,
  `nombre_album` varchar(250) NOT NULL DEFAULT '',
  `date_album` timestamp NOT NULL DEFAULT CURRENT_TIMESTAMP,
  `username_album` varchar(100) NOT NULL DEFAULT '',
  `activo` tinyint(1) NOT NULL DEFAULT '1',
  PRIMARY KEY (`id_album`)
) ENGINE=MyISAM AUTO_INCREMENT=35 DEFAULT CHARSET=utf8;

/*Data for the table `galeria_fotos_albumes` */

insert  into `galeria_fotos_albumes`(`id_album`,`nombre_album`,`date_album`,`username_album`,`activo`) values (1,'Meses del año - Calendario','2014-09-10 11:15:15','admin',1),(2,'Capturas de pantalla','2014-09-23 17:00:07','admin',1),(3,'Avatars','2014-09-24 10:23:04','admin',1),(4,'Comida','2014-09-24 11:05:03','admin',1),(5,'Miscelania','2014-09-24 11:05:16','admin',1),(6,'Animales','2014-09-24 15:58:56','admin',1),(34,'aaaaaa11111','2014-10-01 13:19:45','admin',0),(33,'A1- test333','2014-10-01 13:18:29','admin',0);

/*Table structure for table `galeria_fotos_comentarios` */

DROP TABLE IF EXISTS `galeria_fotos_comentarios`;

CREATE TABLE `galeria_fotos_comentarios` (
  `id_comentario` int(11) unsigned NOT NULL AUTO_INCREMENT,
  `id_file` int(11) NOT NULL DEFAULT '0',
  `comentario` longtext,
  `user_comentario` varchar(100) NOT NULL DEFAULT '',
  `date_comentario` timestamp NOT NULL DEFAULT CURRENT_TIMESTAMP,
  `votaciones` int(11) NOT NULL DEFAULT '0',
  `estado` tinyint(1) NOT NULL DEFAULT '0' COMMENT '0=pendiente; 1=validado;2=rechazado',
  PRIMARY KEY (`id_comentario`)
) ENGINE=MyISAM AUTO_INCREMENT=44 DEFAULT CHARSET=utf8;

/*Data for the table `galeria_fotos_comentarios` */

insert  into `galeria_fotos_comentarios`(`id_comentario`,`id_file`,`comentario`,`user_comentario`,`date_comentario`,`votaciones`,`estado`) values (1,2,'un comentario en la foto','admin','2014-09-23 17:16:56',0,1),(2,2,'Otro comentario mas!!!!','admin','2014-09-23 17:21:57',0,1),(3,18,'gggggggg','admin','2014-09-24 13:34:10',0,1),(4,24,'Una boca muy sonriente','admin','2014-09-25 17:04:41',0,1),(5,53,'un comentario','admin','2014-09-25 17:05:12',0,1),(6,52,'mas comentariosssss','admin','2014-09-25 17:05:41',0,1),(7,2,'Un comentario mas pa la foto','admin','2014-09-25 17:06:30',0,1),(8,51,'asdfasdf','admin','2014-09-25 17:08:11',0,1),(9,51,'asdfasdfasdf','admin','2014-09-25 17:08:14',0,1),(10,51,'asdfasdf','admin','2014-09-25 17:08:17',0,1),(11,40,'sdfgdsfg','admin','2014-09-25 17:08:43',0,1),(12,40,'asdfasdf','admin','2014-09-25 17:08:46',0,1),(13,40,'sdfg','admin','2014-09-25 17:08:58',0,1),(14,51,'sdfgdsfg','admin','2014-09-25 17:09:34',0,1),(15,51,'sdfg','admin','2014-09-25 17:09:46',0,1),(16,42,'Felices fiestas','admin','2014-09-25 17:28:16',0,1),(17,53,'Como se ríen los monos','admin','2014-09-25 17:37:14',0,1),(18,2,'ptptptpt','admin','2014-09-25 17:51:28',0,1),(19,2,'otro comentario','admin','2014-09-25 17:54:16',0,1),(20,42,'Hola!!!!!','david','2014-09-25 17:55:12',0,1),(21,43,'Mi ranita verde!!!!','david','2014-09-25 17:57:12',0,1),(22,36,'fdfgdfg dfgdf','david','2014-09-26 09:17:18',0,1),(23,36,'fgh fghf gh','david','2014-09-26 09:17:21',0,1),(24,38,'Pedazo hamgurguesa!!','admin','2014-09-26 11:29:39',0,1),(25,55,'Me gusta el logo','admin','2014-09-26 11:53:37',0,1),(26,2,'Otro comentario','admin','2014-09-26 12:10:29',0,1),(27,38,'Me gusta','admin','2014-09-26 14:06:37',0,1),(28,19,'Con zanahorias????','admin','2014-09-26 14:13:26',0,1),(29,39,'Esta esta repetida','admin','2014-09-26 14:15:33',0,1),(30,21,'Turrón? o gomas de borrar?','admin','2014-09-29 10:40:04',0,1),(31,40,'Bonito grafico','admin','2014-09-29 10:41:01',0,1),(32,43,'esta bien!!','admin','2014-09-29 10:43:21',0,1),(33,49,'¿Que es, quien lo adivina?','admin','2014-09-29 10:44:17',0,1),(34,43,'La rana verde esta de vuelta','admin','2014-09-29 15:57:15',0,1),(35,55,'Pues a mi no me gusta nada, creo que es una caca !!!','david','2014-09-29 18:00:35',0,1),(36,3,'Por fin Septiembre!!!!','admin','2014-10-03 10:38:16',0,1),(37,2,'otrooooooo','admin','2014-10-09 09:07:57',0,1),(38,2,'otro comentario','admin','2014-10-09 09:12:00',0,1),(39,2,'ddddd','admin','2014-10-09 11:42:40',0,1),(40,57,'Menudos bichos!!!!','admin','2014-10-15 12:36:15',0,1),(41,57,'Esta muy bien','admin','2014-10-21 15:07:15',0,1),(42,49,'Un mojón?','admin','2014-10-21 15:07:41',0,1),(43,57,'No esta mal','david','2014-12-02 13:52:55',0,1);

/*Table structure for table `galeria_fotos_comentarios_votaciones` */

DROP TABLE IF EXISTS `galeria_fotos_comentarios_votaciones`;

CREATE TABLE `galeria_fotos_comentarios_votaciones` (
  `id_votacion` int(11) unsigned NOT NULL AUTO_INCREMENT,
  `id_comentario` int(11) NOT NULL DEFAULT '0',
  `user_votacion` varchar(100) NOT NULL DEFAULT '',
  `date_votacion` timestamp NOT NULL DEFAULT CURRENT_TIMESTAMP,
  PRIMARY KEY (`id_votacion`)
) ENGINE=MyISAM DEFAULT CHARSET=utf8;

/*Data for the table `galeria_fotos_comentarios_votaciones` */

/*Table structure for table `galeria_fotos_votaciones` */

DROP TABLE IF EXISTS `galeria_fotos_votaciones`;

CREATE TABLE `galeria_fotos_votaciones` (
  `id_votacion` int(11) unsigned NOT NULL AUTO_INCREMENT,
  `id_file` int(11) NOT NULL DEFAULT '0',
  `user_votacion` varchar(100) NOT NULL DEFAULT '',
  `date_votacion` timestamp NOT NULL DEFAULT CURRENT_TIMESTAMP,
  PRIMARY KEY (`id_votacion`)
) ENGINE=MyISAM AUTO_INCREMENT=9 DEFAULT CHARSET=utf8;

/*Data for the table `galeria_fotos_votaciones` */

insert  into `galeria_fotos_votaciones`(`id_votacion`,`id_file`,`user_votacion`,`date_votacion`) values (1,6,'david','2014-09-23 17:33:56'),(2,42,'david','2014-09-25 17:54:58'),(3,43,'david','2014-09-25 17:57:16'),(4,36,'david','2014-09-26 09:17:23'),(5,53,'david','2014-09-29 17:57:17'),(6,49,'david','2014-09-29 17:58:23'),(7,49,'admin','2014-10-21 15:07:44'),(8,57,'admin','2014-10-30 14:13:25');

/*Table structure for table `galeria_videos` */

DROP TABLE IF EXISTS `galeria_videos`;

CREATE TABLE `galeria_videos` (
  `id_file` int(11) unsigned NOT NULL AUTO_INCREMENT,
  `id_promocion` int(11) NOT NULL DEFAULT '0',
  `tipo_video` varchar(250) NOT NULL DEFAULT '',
  `titulo` varchar(100) NOT NULL DEFAULT '',
  `name_file` varchar(250) NOT NULL DEFAULT '',
  `user_add` varchar(100) NOT NULL DEFAULT '',
  `date_video` timestamp NOT NULL DEFAULT CURRENT_TIMESTAMP,
  `canal` varchar(100) NOT NULL DEFAULT '',
  `estado` tinyint(1) NOT NULL DEFAULT '0',
  `videos_puntos` int(11) NOT NULL DEFAULT '0',
  `seleccion_reto` tinyint(1) NOT NULL DEFAULT '0',
  `formacion` tinyint(1) NOT NULL DEFAULT '0',
  `views` int(11) NOT NULL DEFAULT '0',
  PRIMARY KEY (`id_file`)
) ENGINE=MyISAM AUTO_INCREMENT=9 DEFAULT CHARSET=utf8;

/*Data for the table `galeria_videos` */

insert  into `galeria_videos`(`id_file`,`id_promocion`,`tipo_video`,`titulo`,`name_file`,`user_add`,`date_video`,`canal`,`estado`,`videos_puntos`,`seleccion_reto`,`formacion`,`views`) values (1,0,'','Bolitas de colores','1341398825_animacion_bolitas_de_colores.mp4.mp4','admin','2014-07-15 14:18:19','comercial',1,0,0,0,5),(3,0,'','Trabajo en equipo','1350573259_trabajo_en_equipo-hormigas.wmv.mp4','david','2014-07-16 09:39:25','comercial',1,1,0,0,1),(4,0,'','Aventura juntos I','1347869224_video_2_inicio_de_la_aventura_juntos_reducido.avi.mp4','david','2014-07-19 10:04:43','comercial',1,1,0,0,1),(5,0,'','Aventura juntos II','1348036284_video_2_inicio_de_la_aventura_juntos_reducido__2.avi.mp4','david','2014-08-01 10:04:49','comercial',1,1,0,0,1),(6,0,'','Cataratas','1348744180_cataratas.mp4.mp4','david','2014-08-23 10:05:32','comercial',1,1,0,0,3),(7,0,'','Peces de colores','1325060467_peces.wmv.mp4','admin','2014-09-24 17:33:46','comercial',1,0,0,0,1),(8,0,'','Caracol','1328275644_wmv-06_empresas_caracol.wmv.mp4','david','2014-09-29 17:35:02','comercial',1,0,0,0,11);

/*Table structure for table `galeria_videos_comentarios` */

DROP TABLE IF EXISTS `galeria_videos_comentarios`;

CREATE TABLE `galeria_videos_comentarios` (
  `id_comentario` int(11) unsigned NOT NULL AUTO_INCREMENT,
  `id_file` int(11) NOT NULL DEFAULT '0',
  `comentario` longtext,
  `user_comentario` varchar(100) NOT NULL DEFAULT '',
  `date_comentario` timestamp NOT NULL DEFAULT CURRENT_TIMESTAMP,
  `votaciones` int(11) NOT NULL DEFAULT '0',
  `estado` tinyint(1) NOT NULL DEFAULT '0' COMMENT '0=pendiente; 1=validado;2=rechazado',
  PRIMARY KEY (`id_comentario`)
) ENGINE=MyISAM AUTO_INCREMENT=13 DEFAULT CHARSET=utf8;

/*Data for the table `galeria_videos_comentarios` */

insert  into `galeria_videos_comentarios`(`id_comentario`,`id_file`,`comentario`,`user_comentario`,`date_comentario`,`votaciones`,`estado`) values (1,1,'Me gusta el video','admin','2014-07-16 15:34:44',0,1),(2,1,'Aunque se puede mejorar','admin','2014-07-16 15:35:37',0,1),(3,1,'otro comentario más para el video','admin','2014-07-17 12:55:03',1,1),(4,1,'me gustan los videos','admin','2014-07-17 12:55:15',0,1),(5,1,'Otro comentario par el video 1','david','2014-07-17 14:04:06',1,1),(6,6,'comentario pal abuelo','david','2014-07-17 14:05:49',1,1),(7,6,'Esta gracioso el vídeo!!!!','admin','2014-09-19 13:28:29',0,1),(8,6,'A ver si subís más viídeos','admin','2014-09-19 13:36:58',0,1),(9,6,'otro comentario pal video','admin','2014-09-29 13:19:41',1,1),(10,8,'Carreara de caracoles','admin','2014-09-29 17:46:17',0,1),(11,6,'Pues más comentarios para el vídeo del abuelo','david','2014-09-29 17:59:44',0,1),(12,8,'Las fotos se ven un poco borrosas','admin','2014-10-03 10:37:41',0,1);

/*Table structure for table `galeria_videos_comentarios_votaciones` */

DROP TABLE IF EXISTS `galeria_videos_comentarios_votaciones`;

CREATE TABLE `galeria_videos_comentarios_votaciones` (
  `id_votacion` int(11) unsigned NOT NULL AUTO_INCREMENT,
  `id_comentario` int(11) NOT NULL DEFAULT '0',
  `user_votacion` varchar(100) NOT NULL DEFAULT '',
  `date_votacion` timestamp NOT NULL DEFAULT CURRENT_TIMESTAMP,
  PRIMARY KEY (`id_votacion`)
) ENGINE=MyISAM AUTO_INCREMENT=5 DEFAULT CHARSET=utf8;

/*Data for the table `galeria_videos_comentarios_votaciones` */

insert  into `galeria_videos_comentarios_votaciones`(`id_votacion`,`id_comentario`,`user_votacion`,`date_votacion`) values (1,5,'admin','2014-07-17 14:04:59'),(2,3,'david','2014-07-17 14:05:13'),(3,6,'admin','2014-09-29 13:20:39'),(4,9,'david','2014-09-29 17:59:16');

/*Table structure for table `galeria_videos_views` */

DROP TABLE IF EXISTS `galeria_videos_views`;

CREATE TABLE `galeria_videos_views` (
  `id_view` int(11) unsigned NOT NULL AUTO_INCREMENT,
  `id_file` int(11) unsigned NOT NULL DEFAULT '0',
  `username` varchar(100) DEFAULT '',
  `date` timestamp NOT NULL DEFAULT CURRENT_TIMESTAMP,
  PRIMARY KEY (`id_view`)
) ENGINE=MyISAM AUTO_INCREMENT=19 DEFAULT CHARSET=latin1;

/*Data for the table `galeria_videos_views` */

insert  into `galeria_videos_views`(`id_view`,`id_file`,`username`,`date`) values (1,1,'admin','2014-09-29 17:01:32'),(2,6,'admin','2014-09-29 17:01:46'),(3,3,'admin','2014-09-29 17:01:58'),(4,7,'admin','2014-09-29 17:34:01'),(5,8,'admin','2014-09-29 17:35:24'),(6,8,'admin','2014-09-29 17:36:05'),(7,6,'admin','2014-09-29 17:36:17'),(8,5,'admin','2014-09-29 17:36:25'),(9,8,'david','2014-09-29 17:58:41'),(10,4,'david','2014-09-29 17:59:00'),(11,8,'david','2014-10-11 18:16:32'),(12,8,'david','2014-10-11 18:16:32'),(13,8,'david','2014-10-11 18:16:49'),(14,8,'david','2014-10-11 18:16:49'),(15,8,'david','2014-10-11 18:17:08'),(16,8,'david','2014-10-11 18:17:08'),(17,8,'admin','2014-10-22 11:22:00'),(18,8,'admin','2014-11-21 11:59:33');

/*Table structure for table `galeria_videos_votaciones` */

DROP TABLE IF EXISTS `galeria_videos_votaciones`;

CREATE TABLE `galeria_videos_votaciones` (
  `id_votacion` int(11) unsigned NOT NULL AUTO_INCREMENT,
  `id_file` int(11) NOT NULL DEFAULT '0',
  `user_votacion` varchar(100) NOT NULL DEFAULT '',
  `date_votacion` timestamp NOT NULL DEFAULT CURRENT_TIMESTAMP,
  PRIMARY KEY (`id_votacion`)
) ENGINE=MyISAM AUTO_INCREMENT=5 DEFAULT CHARSET=utf8;

/*Data for the table `galeria_videos_votaciones` */

insert  into `galeria_videos_votaciones`(`id_votacion`,`id_file`,`user_votacion`,`date_votacion`) values (1,3,'admin','2014-07-16 09:52:55'),(2,6,'admin','2014-07-16 11:03:55'),(3,4,'admin','2014-07-16 12:35:49'),(4,5,'admin','2014-07-16 12:36:09');

/*Table structure for table `info` */

DROP TABLE IF EXISTS `info`;

CREATE TABLE `info` (
  `id_info` int(11) unsigned NOT NULL AUTO_INCREMENT,
  `titulo_info` varchar(250) NOT NULL DEFAULT '',
  `file_info` varchar(250) NOT NULL DEFAULT '',
  `tipo_info` int(11) NOT NULL DEFAULT '0',
  `canal_info` varchar(100) NOT NULL DEFAULT '',
  `date_info` timestamp NOT NULL DEFAULT CURRENT_TIMESTAMP,
  `id_campaign` int(11) NOT NULL DEFAULT '0',
  `download` tinyint(1) NOT NULL DEFAULT '1',
  PRIMARY KEY (`id_info`)
) ENGINE=MyISAM AUTO_INCREMENT=7 DEFAULT CHARSET=utf8;

/*Data for the table `info` */

insert  into `info`(`id_info`,`titulo_info`,`file_info`,`tipo_info`,`canal_info`,`date_info`,`id_campaign`,`download`) values (1,'Fichero excel modelo mailing','1399279474_model_mailing.xls',8,'todos','2014-05-05 10:44:34',1,1),(2,'Otro ducumento en la sección','1399281294_259-phoenix-aristotelian.mp3',6,'todos','2014-05-05 11:14:54',2,1),(3,'Un vídeo en servicios','1399542344_1338542451_ve.1338542185521.mp4.mp4',5,'todos','2014-05-08 11:45:44',2,1),(4,'Fichero de audio de descarga1','1399556768_model_mailing.xls',7,'todos','2014-05-08 15:46:08',2,1),(5,'Un documento de imagen','1415024994_flatinspiration04.jpg',8,'todos','2014-11-03 15:29:54',1,1),(6,'Prueba enlaces','http://google.es',5,'todos','2014-11-11 09:54:58',1,0);

/*Table structure for table `info_tipo` */

DROP TABLE IF EXISTS `info_tipo`;

CREATE TABLE `info_tipo` (
  `id_tipo` int(11) unsigned NOT NULL AUTO_INCREMENT,
  `nombre_info` varchar(250) NOT NULL DEFAULT '',
  `foto_info` varchar(250) NOT NULL DEFAULT '',
  PRIMARY KEY (`id_tipo`)
) ENGINE=MyISAM AUTO_INCREMENT=9 DEFAULT CHARSET=latin1;

/*Data for the table `info_tipo` */

insert  into `info_tipo`(`id_tipo`,`nombre_info`,`foto_info`) values (5,'Video','productos.jpg'),(6,'SMS','servicios.jpg'),(7,'Audio','audio.jpg'),(8,'Fichero','fichero.jpg');

/*Table structure for table `infotopdf` */

DROP TABLE IF EXISTS `infotopdf`;

CREATE TABLE `infotopdf` (
  `id_info` int(11) unsigned NOT NULL AUTO_INCREMENT,
  `titulo_info` varchar(250) NOT NULL DEFAULT '',
  `file_info` text,
  `tipo_info` int(11) NOT NULL DEFAULT '0',
  `canal_info` varchar(100) NOT NULL DEFAULT '',
  `date_info` timestamp NOT NULL DEFAULT CURRENT_TIMESTAMP,
  `id_campaign` int(11) NOT NULL DEFAULT '0',
  `cuerpo_info` text,
  PRIMARY KEY (`id_info`)
) ENGINE=MyISAM AUTO_INCREMENT=8 DEFAULT CHARSET=utf8;

/*Data for the table `infotopdf` */

insert  into `infotopdf`(`id_info`,`titulo_info`,`file_info`,`tipo_info`,`canal_info`,`date_info`,`id_campaign`,`cuerpo_info`) values (4,'Documento producto','1398851418_1398779046_bg.jpg',5,'todos','2014-04-25 20:15:09',1,NULL),(5,'Otro en productos','1398851402_1398778978_bg01.jpg',5,'todos','2014-04-25 20:15:32',2,NULL),(6,'Caso practico 4.1','1398851346_1398778935_bg01.jpeg\r\n',5,'todos','2014-04-28 16:48:17',2,'<table border=\"1\" cellpadding=\"1\" cellspacing=\"1\" style=\"width: 500px;\">\r\n	<tbody>\r\n		<tr>\r\n			<td colspan=\"2\">\r\n				<img alt=\"\" src=\"http://localhost/community-php/images/mailing/images/1398327405_bg01.jpg\" style=\"width: 1200px; height: 294px;\" /></td>\r\n		</tr>\r\n		<tr>\r\n			<td>\r\n				<img alt=\"\" src=\"http://192.168.0.8/community-php/images/mailing/images/logo.png\" style=\"width: 100px; height: 75px;\" /></td>\r\n			<td>\r\n				<span>En un lugar de la Mancha, de cuyo nombre no quiero acordarme, no ha mucho tiempo que viv&iacute;a un hidalgo de los de lanza en astillero, adarga antigua, roc&iacute;n flaco y galgo corredor. Una olla de algo m&aacute;s vaca que carnero, salpic&oacute;n las m&aacute;s noches, duelos y quebrantos los s&aacute;bados, lantejas los viernes, alg&uacute;n palomino de a&ntilde;adidura los domingos, consum&iacute;an las tres partes de su hacienda</span></td>\r\n		</tr>\r\n		<tr>\r\n			<td>\r\n				[USER_LOGO]</td>\r\n			<td>\r\n				<br />\r\n				[CLAIM_PROMOCION]. Con un descuento de <span style=\"font-size: 14px;\"><strong>[DESCUENTO_PROMOCION]%</strong></span><br />\r\n				<br />\r\n				<span style=\"color: rgb(197, 71, 71);\">oferta v&aacute;lida hasta [DATE_PROMOCION]</span><br />\r\n				<br />\r\n				<br />\r\n				Hasta la pr&oacute;xima [USER_EMPRESA]</td>\r\n		</tr>\r\n		<tr>\r\n			<td>\r\n				&nbsp;</td>\r\n			<td>\r\n				[USER_DIRECCION]</td>\r\n		</tr>\r\n	</tbody>\r\n</table>\r\n'),(7,'Lorem ipsum dolor sit','1398851346_1398778935_bg01.jpg',7,'todos','2014-04-28 16:48:42',1,'<table border=\"1\" cellpadding=\"1\" cellspacing=\"1\" style=\"width: 500px;\">\r\n	<tbody>\r\n		<tr>\r\n			<td>\r\n				<img alt=\"\" src=\"http://media.imagar.com/essilor/images/mailing/images/logo.png\" style=\"width: 100px; height: 75px;\" /></td>\r\n			<td>\r\n				En un lugar de la Mancha, de cuyo nombre no quiero acordarme, no ha mucho tiempo que viv&iacute;a un hidalgo de los de lanza en astillero, adarga antigua, roc&iacute;n flaco y galgo corredor. Una olla de algo m&aacute;s vaca que carnero, salpic&oacute;n las m&aacute;s noches, duelos y quebrantos los s&aacute;bados, lantejas los viernes, alg&uacute;n palomino de a&ntilde;adidura los domingos, consum&iacute;an las tres partes de su hacienda</td>\r\n		</tr>\r\n		<tr>\r\n			<td>\r\n				[USER_LOGO]</td>\r\n			<td>\r\n				<br />\r\n				[CLAIM_PROMOCION]. Con un descuento de <span style=\"font-size: 14px;\"><strong>[DESCUENTO_PROMOCION]%</strong></span><br />\r\n				<br />\r\n				<span style=\"color: rgb(197, 71, 71);\">oferta v&aacute;lida hasta [DATE_PROMOCION]</span><br />\r\n				<br />\r\n				<br />\r\n				Hasta la pr&oacute;xima [USER_EMPRESA]</td>\r\n		</tr>\r\n		<tr>\r\n			<td>\r\n				&nbsp;</td>\r\n			<td>\r\n				[USER_DIRECCION]</td>\r\n		</tr>\r\n	</tbody>\r\n</table>\r\n');

/*Table structure for table `infotopdf_tipo` */

DROP TABLE IF EXISTS `infotopdf_tipo`;

CREATE TABLE `infotopdf_tipo` (
  `id_tipo` int(11) unsigned NOT NULL AUTO_INCREMENT,
  `nombre_info` varchar(250) NOT NULL DEFAULT '',
  `foto_info` varchar(250) NOT NULL DEFAULT '',
  `size_info` varchar(100) NOT NULL DEFAULT '',
  PRIMARY KEY (`id_tipo`)
) ENGINE=MyISAM AUTO_INCREMENT=10 DEFAULT CHARSET=latin1;

/*Data for the table `infotopdf_tipo` */

insert  into `infotopdf_tipo`(`id_tipo`,`nombre_info`,`foto_info`,`size_info`) values (5,'Díptico DIN A5','btn-0007.png','A5'),(6,'DIN A4','btn-0006.png','A4'),(7,'Carta','btn-0004.png','LETTER'),(8,'Postales','btn-0003.png','LETTER'),(9,'Tarjetones','btn-0005.png','EXECUTIVE');

/*Table structure for table `mailing_blacklist` */

DROP TABLE IF EXISTS `mailing_blacklist`;

CREATE TABLE `mailing_blacklist` (
  `email_black` varchar(250) NOT NULL,
  `date_black` timestamp NOT NULL DEFAULT CURRENT_TIMESTAMP,
  PRIMARY KEY (`email_black`)
) ENGINE=MyISAM DEFAULT CHARSET=latin1;

/*Data for the table `mailing_blacklist` */

/*Table structure for table `mailing_lists` */

DROP TABLE IF EXISTS `mailing_lists`;

CREATE TABLE `mailing_lists` (
  `id_list` int(11) unsigned NOT NULL AUTO_INCREMENT,
  `name_list` varchar(250) NOT NULL DEFAULT '',
  `user_list` varchar(100) NOT NULL DEFAULT '',
  `date_list` timestamp NOT NULL DEFAULT CURRENT_TIMESTAMP,
  `activo` tinyint(1) NOT NULL DEFAULT '1',
  PRIMARY KEY (`id_list`)
) ENGINE=InnoDB AUTO_INCREMENT=17 DEFAULT CHARSET=latin1;

/*Data for the table `mailing_lists` */

insert  into `mailing_lists`(`id_list`,`name_list`,`user_list`,`date_list`,`activo`) values (1,'Clientes VIP','admin','2014-05-06 12:31:33',1),(2,'Segunda lista de envío','20266370N','2014-05-06 13:42:39',1),(3,'Lista de cumpleaños12','admin','2014-05-06 13:44:45',0),(4,'111111111','admin','2014-05-06 13:45:18',0),(5,'ttttttttttt','admin','2014-05-06 13:51:06',0),(6,'ttttttttttt +1','admin','2014-05-06 13:51:42',0),(7,'Segunda lista de envío','admin','2014-05-06 15:10:29',0),(8,'Segunda lista de envío','admin','2014-05-06 15:11:53',0),(9,'Todos los clientes','admin','2014-05-06 15:14:06',1),(10,'Clientes potenciales','admin','2014-05-06 15:28:44',1),(11,'Massss','admin','2014-05-06 15:29:48',0),(12,'ssssssssss','admin','2014-05-06 15:30:52',0),(13,'KAKAKAKA','admin','2014-05-06 15:31:30',0),(14,'lalala','admin','2014-05-06 15:33:59',0),(15,'Lista de prueba','admin','2014-05-07 09:32:43',1),(16,'yo solo','admin','2014-09-11 15:47:07',1);

/*Table structure for table `mailing_lists_users` */

DROP TABLE IF EXISTS `mailing_lists_users`;

CREATE TABLE `mailing_lists_users` (
  `id_list` int(11) NOT NULL DEFAULT '0',
  `email` varchar(250) NOT NULL DEFAULT '',
  PRIMARY KEY (`id_list`,`email`)
) ENGINE=MyISAM DEFAULT CHARSET=latin1;

/*Data for the table `mailing_lists_users` */

insert  into `mailing_lists_users`(`id_list`,`email`) values (1,'cgonzalez@imagar.com'),(1,'dmarchante@imagar.com'),(1,'dnoguera@imagar.com'),(1,'odelgado@imagar.com'),(1,'pramos@imagar.com'),(1,'shermida@imagar.com'),(3,'dmarchante@imagar.com'),(3,'dnoguera@imagar.com'),(3,'odelgado@imagar.com'),(3,'pramos@imagar.com'),(3,'shermida@imagar.com'),(8,'DMARCHANTE@IMAGAR.COM'),(8,'DNOGUERA@IMAGAR.COM'),(8,'ODELGADO@IMAGAR.COM'),(8,'PRAMOS@IMAGAR.COM'),(8,'SHERMIDA@IMAGAR.COM'),(9,'dmarchante@imagar.com'),(9,'dnoguera@imagar.com'),(9,'odelgado@imagar.com'),(9,'pramos@imagar.com'),(9,'shermida@imagar.com'),(10,'cgonzalez@imagar.com'),(10,'dmarchante@imagar.com'),(10,'dnoguera@imagar.com'),(10,'odelgado@imagar.com'),(10,'pramos@imagar.com'),(10,'shermida@imagar.com'),(12,'dmarchante@imagar.com'),(12,'dnoguera@imagar.com'),(12,'odelgado@imagar.com'),(12,'pramos@imagar.com'),(12,'shermida@imagar.com'),(13,'dmarchante@imagar.com'),(13,'dnoguera@imagar.com'),(13,'odelgado@imagar.com'),(13,'pramos@imagar.com'),(13,'shermida@imagar.com'),(15,'cgonzalez@imagar.com'),(15,'dmarchante@imagar.com'),(15,'dnoguera@imagar.com'),(15,'odelgado@imagar.com'),(15,'pramos@imagar.com'),(15,'shermida@imagar.com'),(16,'dnoguera@imagar.com'),(16,'nogueradavid@hotmail.com');

/*Table structure for table `mailing_lists_users_data` */

DROP TABLE IF EXISTS `mailing_lists_users_data`;

CREATE TABLE `mailing_lists_users_data` (
  `email` varchar(250) NOT NULL,
  `birthday` date NOT NULL,
  PRIMARY KEY (`email`)
) ENGINE=MyISAM DEFAULT CHARSET=latin1;

/*Data for the table `mailing_lists_users_data` */

insert  into `mailing_lists_users_data`(`email`,`birthday`) values ('dnoguera@imagar.com','1975-05-09'),('shermida@imagar.com','1985-05-09');

/*Table structure for table `mailing_messages` */

DROP TABLE IF EXISTS `mailing_messages`;

CREATE TABLE `mailing_messages` (
  `id_message` int(11) unsigned NOT NULL AUTO_INCREMENT,
  `id_template` int(11) DEFAULT '0',
  `message_from_email` text,
  `message_from_name` text,
  `message_subject` text,
  `message_body` text,
  `message_body2` text,
  `message_status` varchar(100) NOT NULL DEFAULT 'pending',
  `message_lista` text,
  `message_attachment` text NOT NULL,
  `date_scheduled` date DEFAULT NULL,
  `date_add` timestamp NOT NULL DEFAULT CURRENT_TIMESTAMP,
  `username_add` varchar(100) NOT NULL DEFAULT '',
  `total_messages` int(11) NOT NULL DEFAULT '0',
  `total_send` int(11) NOT NULL DEFAULT '0',
  `total_pending` int(11) NOT NULL DEFAULT '0',
  `total_failed` int(11) NOT NULL DEFAULT '0',
  PRIMARY KEY (`id_message`)
) ENGINE=MyISAM AUTO_INCREMENT=164 DEFAULT CHARSET=latin1;

/*Data for the table `mailing_messages` */

insert  into `mailing_messages`(`id_message`,`id_template`,`message_from_email`,`message_from_name`,`message_subject`,`message_body`,`message_body2`,`message_status`,`message_lista`,`message_attachment`,`date_scheduled`,`date_add`,`username_add`,`total_messages`,`total_send`,`total_pending`,`total_failed`) values (1,1,'dnoguera@imagar.com',NULL,'Mensaje de prueba',NULL,'','completed',NULL,'',NULL,'2014-03-18 17:20:47','admin',0,0,0,0),(2,2,'dnoguera@imagar.com',NULL,'Mensaje 2 de prueba',NULL,'','pending',NULL,'',NULL,'2014-03-18 17:22:19','admin',0,0,0,0),(3,1,'dnoguera@imagar.com','Alain Affelou','El asunto del mensaje','cuerpo del mensaje','','pending','lista todos','',NULL,'2014-03-20 16:03:11','admin',0,0,0,0),(4,2,'dnoguera@imagar.com','Alain Affelou','Mensaje a todos los usuarios','el cupero del mensaje','','pending','lista todos','',NULL,'2014-03-20 16:24:05','admin',0,0,0,0),(5,2,'dnoguera@imagar.com','Alain Affelou','Mensaje a todos los usuarios2','sdfsdfsd','','pending','lista todos','',NULL,'2014-03-20 16:24:38','admin',0,0,0,0),(6,2,'dnoguera@imagar.com','Alain Affelou','Mensaje a todos los usuarios3','asdasdasd','','pending','lista todos','',NULL,'2014-03-20 16:25:37','admin',0,0,0,0),(7,2,'dnoguera@imagar.com','Alain Affelou','Mensaje a todos los usuarios4','el cuerpo del mensaje','','pending','lista todos','',NULL,'2014-03-20 16:27:20','admin',0,0,0,0),(8,2,'dnoguera@imagar.com','Alain Affelou','Prueba efinitiva','Aquí va el cuerpo del mensaje','','completed','lista todos','',NULL,'2014-03-21 10:48:41','admin',12,0,0,12),(9,2,'dnoguera@imagar.com','Alain Affelou','El asunto de la prueba','el mensaje','','pending','lista todos','',NULL,'2014-03-21 12:02:27','admin',12,0,12,0),(10,2,'dnoguera@imagar.com','Alain Affelou','dfsf','sdfdfsd','','completed','lista todos','',NULL,'2014-03-23 16:01:15','admin',12,0,0,12),(11,1,'dnoguera@imagar.com','Alain Affelou','llllllll','ññ','','completed','lista todos','',NULL,'2014-03-23 16:05:20','admin',12,0,0,12),(12,2,'dnoguera@imagar.com','Alain Affelou','asds','asda','','completed','lista todos','',NULL,'2014-03-23 16:13:41','admin',12,0,0,12),(13,2,'dnoguera@imagar.com','Alain Affelou','pk','ikoijoi','','completed','lista todos','',NULL,'2014-03-23 16:25:49','admin',12,0,0,12),(14,2,'dnoguera@imagar.com','Alain Affelou','lñññññññññññññ','ñññ','','completed','lista todos','',NULL,'2014-03-23 16:27:04','admin',12,0,0,12),(15,2,'dnoguera@imagar.com','Alain Affelou',',','k','','completed','lista todos','',NULL,'2014-03-23 16:28:18','admin',12,0,0,12),(16,2,'dnoguera@imagar.com','Alain Affelou','llñ','lll','','completed','lista todos','',NULL,'2014-03-23 16:29:43','admin',12,0,0,12),(17,2,'dnoguera@imagar.com','Alain Affelou','ñl','l','','completed','lista todos','',NULL,'2014-03-23 16:30:47','admin',12,0,0,12),(18,1,'dnoguera@imagar.com','Alain Affelou','ll','ññ','','completed','lista todos','',NULL,'2014-03-23 16:32:50','admin',12,0,0,12),(19,1,'dnoguera@imagar.com','Alain Affelou','ññ','ñl,','','completed','lista todos','',NULL,'2014-03-23 16:41:33','admin',12,0,0,12),(20,2,'dnoguera@imagar.com','Alain Affelou','jkk','jjj','','completed','lista todos','',NULL,'2014-03-23 16:45:55','admin',12,0,0,12),(21,2,'dnoguera@imagar.com','Alain Affelou',',,','lm-,mn','','completed','lista todos','',NULL,'2014-03-23 16:53:32','admin',12,0,0,12),(22,1,'dnoguera@imagar.com','Alain Affelou','jnkjk','kkkk','','pending','lista todos','',NULL,'2014-03-23 17:11:07','admin',12,0,0,12),(23,2,'dnoguera@imagar.com','Alain Affelou','klnln','ñ?nlkn','','pending','lista todos','',NULL,'2014-03-23 17:18:44','admin',12,0,4,8),(24,2,'dnoguera@imagar.com','Alain Affelou','knl',' .nl','','pending','lista todos','',NULL,'2014-03-23 17:20:14','admin',12,0,4,8),(25,1,'dnoguera@imagar.com','Alain Affelou','aaaaaaaaaaaa','eeeeeeeeee','','pending','lista todos','',NULL,'2014-03-23 23:08:17','admin',0,0,0,0),(26,1,'dnoguera@imagar.com','Alain Affelou','aaaaaaaaaaaa','eeeeeeeeee','','completed','lista todos','',NULL,'2014-03-23 23:09:56','admin',12,0,0,12),(27,1,'dnoguera@imagar.com','Alain Affelou','kkkkkkkkk','ooooooooooo','','completed','lista todos','',NULL,'2014-03-23 23:19:04','admin',12,0,0,12),(40,1,'dnoguera@imagar.com','Alain Affelou','asdasd','asdasdasd','','pending','lista responsables','',NULL,'2014-03-24 16:28:50','admin',2,0,2,0),(41,1,'dnoguera@imagar.com','Alain Affelou','ssssssss','ssssssssssssss','','completed','lista regionales','',NULL,'2014-03-24 16:29:40','admin',1,0,0,1),(42,1,'dnoguera@imagar.com','Alain Affelou','asdassd','asdasd','','completed','lista comerciales','',NULL,'2014-03-24 16:31:51','admin',8,0,0,8),(43,1,'dnoguera@imagar.com','Alain Affelou','otro mensaje','el cuerpo del mensaje','','completed','lista curso : 1','',NULL,'2014-03-24 16:39:43','admin',2,0,0,2),(44,1,'dnoguera@imagar.com','Alain Affelou','Prueba','Prubsssss','','completed','lista todos','',NULL,'2014-03-25 09:23:02','admin',12,0,0,12),(45,1,'dnoguera@imagar.com','Alain Affelou','33333333333','234234234234\r\n234444444444444444444444444','','pending','lista todos','',NULL,'2014-03-25 10:34:50','admin',12,0,12,0),(46,1,'dnoguera@imagar.com','Alain Affelou','El asunto del mensaje','el cuerpo del mensaje','','completed','lista todos','',NULL,'2014-03-26 11:54:24','admin',15,0,0,15),(47,1,'dnoguera@imagar.com','Alain Affelou','asdasd','sadasd','','pending','lista comerciales','',NULL,'2014-03-27 08:54:52','admin',9,0,9,0),(48,1,'dnoguera@imagar.com','Alain Affelou','tatatatatatat','tetetetetetetet','','pending','lista curso','',NULL,'2014-03-27 09:04:04','admin',2,0,2,0),(49,2,'dnoguera@imagar.com','Alain Affelou','888888888888','000000000','','pending','lista curso','',NULL,'2014-03-27 09:07:50','admin',2,0,2,0),(50,2,'dnoguera@imagar.com','Alain Affelou','dfdfdfd','fdfdfdf','','pending','lista curso','',NULL,'2014-03-27 09:08:44','admin',2,0,2,0),(51,1,'dnoguera@imagar.com','Alain Affelou','ddddddddddddd','fffffffffffffffff','','pending','lista curso : 1','',NULL,'2014-03-27 09:09:29','admin',2,0,2,0),(52,1,'dnoguera@imagar.com','Alain Affelou','test tienda 1','sdasda','','pending','lista tienda : 1111','',NULL,'2014-03-27 09:56:34','admin',0,0,0,0),(53,1,'dnoguera@imagar.com','Alain Affelou','test tienda 1','sdasda','','pending','lista tienda : 1111','',NULL,'2014-03-27 09:57:04','admin',0,0,0,0),(54,1,'dnoguera@imagar.com','Alain Affelou','s','s','','pending','lista tienda : 1111','',NULL,'2014-03-27 09:58:10','admin',0,0,0,0),(55,1,'dnoguera@imagar.com','Alain Affelou','s','s','','pending','lista tienda : 1111','',NULL,'2014-03-27 09:58:42','admin',0,0,0,0),(56,2,'dnoguera@imagar.com','Alain Affelou','asasas','asasas','','pending','lista tienda : 1111','',NULL,'2014-03-27 10:00:00','admin',0,0,0,0),(57,1,'dnoguera@imagar.com','Alain Affelou','fgh','zx','','pending','lista todos','',NULL,'2014-03-27 10:06:17','admin',15,0,15,0),(58,1,'dnoguera@imagar.com','Alain Affelou','rgdfs','dfgdf','','pending','lista tienda : 1111','',NULL,'2014-03-27 10:08:41','admin',0,0,0,0),(59,1,'dnoguera@imagar.com','Alain Affelou','rgdfs','dfgdf','','pending','lista tienda : 1111','',NULL,'2014-03-27 10:13:02','admin',0,0,0,0),(60,2,'dnoguera@imagar.com','Alain Affelou','gdfgdfg','dfgdfg','','pending','lista tienda : 1111','',NULL,'2014-03-27 10:13:26','admin',0,0,0,0),(61,1,'dnoguera@imagar.com','Alain Affelou','el asunto','asdasd','','pending','lista todos','',NULL,'2014-03-27 10:19:21','admin',15,0,15,0),(62,1,'dnoguera@imagar.com','Alain Affelou','asdas','asdasd','','pending','lista curso : 1','',NULL,'2014-03-27 10:19:46','admin',0,0,0,0),(63,1,'dnoguera@imagar.com','Alain Affelou','sadasd','asdasd','','pending','lista curso : 1','',NULL,'2014-03-27 10:20:56','admin',0,0,0,0),(64,2,'dnoguera@imagar.com','Alain Affelou','xcvx','xcv','','pending','lista tienda : 2222','',NULL,'2014-03-27 10:22:43','admin',0,0,0,0),(65,2,'dnoguera@imagar.com','Alain Affelou','xcvx','xcv','','pending','lista tienda : 2222','',NULL,'2014-03-27 10:25:29','admin',0,0,0,0),(66,1,'dnoguera@imagar.com','Alain Affelou','zxc','zxc','','pending','lista tienda : 1111','',NULL,'2014-03-27 10:26:01','admin',0,0,0,0),(67,1,'dnoguera@imagar.com','Alain Affelou','aaaaa','aaaaaaaa','','pending','','',NULL,'2014-03-27 10:31:20','admin',0,0,0,0),(68,1,'dnoguera@imagar.com','Alain Affelou','dfgdfgdf','dfgdfg','','pending','lista todos','',NULL,'2014-03-27 10:35:38','admin',15,0,15,0),(69,1,'dnoguera@imagar.com','Alain Affelou','aaaaaaaaaaaaaaaaa','dddddddddddddddddd','','pending','lista tienda : 1111','',NULL,'2014-03-27 10:35:55','admin',4,0,4,0),(70,1,'dnoguera@imagar.com','Alain Affelou','ttttttttt','yyyyyyyyyyyyyy','','pending','lista curso : 1','1395913210_1307480807_maf.jpg',NULL,'2014-03-27 10:40:10','admin',2,0,2,0),(71,1,'dnoguera@imagar.com','Alain Affelou','asdasd','asdasd','','pending','lista curso : 1','',NULL,'2014-03-27 10:45:16','admin',2,0,2,0),(72,1,'dnoguera@imagar.com','Alain Affelou','xxxxxxx','xxxxxxx','','pending','lista todos','',NULL,'2014-03-27 10:46:36','admin',15,0,15,0),(73,1,'dnoguera@imagar.com','Alain Affelou','xasadd','asdasd','','pending','lista todos','',NULL,'2014-03-27 10:49:56','admin',15,0,15,0),(74,1,'dnoguera@imagar.com','Alain Affelou','sdfsdf','sdfsdf','','pending','lista todos','',NULL,'2014-03-27 10:51:56','admin',15,0,15,0),(75,1,'dnoguera@imagar.com','Alain Affelou','aaaaaaaaaaa','ssssssssssss','','pending','lista tienda : 1111','',NULL,'2014-03-27 10:52:31','admin',4,0,4,0),(76,1,'dnoguera@imagar.com','Alain Affelou','retert','ertert','','pending','lista todos','',NULL,'2014-03-27 13:01:14','admin',15,0,15,0),(77,1,'dnoguera@imagar.com','Alain Affelou','tttttttttt','tyyyyyyyyyyyyyyyyyyy','','pending','admin, creativo','',NULL,'2014-03-27 13:03:57','admin',0,0,0,0),(78,1,'dnoguera@imagar.com','Alain Affelou','rrrrrrrrrr','tttttttttttt','','pending','admin, creativo','',NULL,'2014-03-27 13:05:29','admin',1,0,1,0),(79,1,'dnoguera@imagar.com','Alain Affelou','ddddddd','ddddddddd','','pending','admin, creativo','',NULL,'2014-03-27 13:06:55','admin',1,0,1,0),(80,1,'dnoguera@imagar.com','Alain Affelou','asasasas','asasasas as as<br />\r\nas asdasasd','','pending','admin, creativo','',NULL,'2014-03-27 13:09:36','admin',2,0,2,0),(81,2,'dnoguera@imagar.com','Alain Affelou','dd','sddsd','','pending','admin, ','',NULL,'2014-03-27 16:08:52','admin',1,0,1,0),(82,2,'dnoguera@imagar.com','Alain Affelou','sede','sede','','pending','lista sede','',NULL,'2014-03-27 17:45:19','admin',1,0,1,0),(83,1,'dnoguera@imagar.com','Alain Affelou','mensaje a tiendas propias','Hola [USER_NAME],<br />\r\nPrueba a tiendas propias','','completed','lista tienda tipo : tiendas propias','',NULL,'2014-03-28 09:30:07','admin',0,0,0,0),(84,2,'dnoguera@imagar.com','Alain Affelou','mensaje a tiendas propias 2','Hola [USER_NAME],<br />\r\nBienvenido!!','','pending','lista tienda tipo : tiendas propias','',NULL,'2014-03-28 09:33:58','admin',5,0,5,0),(85,1,'dnoguera@imagar.com','Alain Affelou','prueba tiendas','Holaaaa','','pending','lista tienda : 2ACB','',NULL,'2014-04-03 15:29:56','admin',0,0,0,0),(86,1,'dnoguera@imagar.com','Alain Affelou','test tiendas','sssssssssssssss','','pending','lista tienda : 2ACB','',NULL,'2014-04-03 15:33:34','admin',0,0,0,0),(87,1,'dnoguera@imagar.com','Alain Affelou','dddddddd','d','','pending','lista tienda : 2ACB','',NULL,'2014-04-03 15:34:13','admin',0,0,0,0),(88,1,'dnoguera@imagar.com','Alain Affelou','test tiendas2','zxcz','','pending','lista tienda : 2ACB','',NULL,'2014-04-03 15:35:18','admin',0,0,0,0),(89,1,'dnoguera@imagar.com','Alain Affelou','ddddddd','d','','pending','lista tienda : 2ACB','',NULL,'2014-04-03 15:41:04','admin',1,0,1,0),(90,2,'dnoguera@imagar.com','Alain Affelou','77777777777777','777777777','','pending','lista tienda : 2ACB','',NULL,'2014-04-03 15:42:50','admin',1,0,1,0),(91,2,'dnoguera@imagar.com','Alain Affelou','77777777777777','777777777','','pending','lista tienda : 2ACB','',NULL,'2014-04-03 15:43:06','admin',1,0,1,0),(92,2,'dnoguera@imagar.com','Alain Affelou','77777777777777','777777777','','pending','lista tienda : 2ACB','',NULL,'2014-04-03 15:43:53','admin',1,0,1,0),(93,2,'dnoguera@imagar.com','Alain Affelou','77777777777777','777777777','','pending','lista tienda : 2ACB','',NULL,'2014-04-03 15:44:28','admin',2,0,2,0),(94,1,'dnoguera@imagar.com','Alain Affelou','test tiendas def','Definitivo','','pending','lista tienda : 2ACB','',NULL,'2014-04-03 15:45:44','admin',2,0,2,0),(95,1,'dnoguera@imagar.com','Alain Affelou','hhhhhh','ggg','','completed','lista todos','',NULL,'2014-04-04 22:42:45','admin',4,4,0,0),(96,2,'dnoguera@imagar.com','Alain Affelou','uuuuuuuuuuuuu','bbb','','pending','lista todos','',NULL,'2014-04-04 22:43:28','admin',4,0,4,0),(97,1,'dnoguera@imagar.com','Alain Affelou','iiiiiiiiiiiiiiiiiiiiiiii','kkkkkkkkkkkkk','','pending','lista todos','',NULL,'2014-04-04 23:00:18','admin',4,0,4,0),(98,1,'dnoguera@imagar.com','Alain Affelou','0000000000','mmm<br />\r\n','','completed','lista todos','',NULL,'2014-04-04 23:58:57','admin',0,0,0,0),(99,1,'dnoguera@imagar.com','Alain Affelou','0000000000','mmm<br />\r\n','','completed','lista todos','',NULL,'2014-04-04 23:59:37','admin',4,0,0,4),(100,1,'dnoguera2@imagar.com','Alain Affelou','prueba con saltos de linea','Una linea.<br />\r\nOtra<br />\r\nadsasdasda<br />\r\nasdasdasd<br />\r\nasdasdasd','','completed','lista todos','',NULL,'2014-04-15 14:09:24','admin',4,4,0,0),(101,1,'dnoguera2@imagar.com','Comunidad Essilor','prueba','Hola [USER_NAME],<br />\r\nsdfsdfsdf','','completed','admin','',NULL,'2014-04-23 09:10:15','admin',1,1,0,0),(102,1,'dnoguera2@imagar.com','Comunidad Essilor','test black','sdfsd','','completed','admin','',NULL,'2014-04-23 13:19:52','admin',0,0,0,0),(103,1,'dnoguera2@imagar.com','Comunidad Essilor','Black list 2','asdasd','','completed','admin','',NULL,'2014-04-23 13:21:25','admin',1,1,0,0),(104,1,'dnoguera2@imagar.com','Comunidad Essilor','rrr','erterter','','completed','admin','',NULL,'2014-04-23 16:04:02','admin',1,1,0,0),(105,11,'dnoguera2@imagar.com','Tu ayudaadmin','Un mensaje','asdasdasd','','pending','model_mailing.xls','1398332862_model_mailing.xls',NULL,'2014-04-24 11:47:42','admin',4,0,4,0),(106,11,'dnoguera2@imagar.com','Tu ayudaadmin','Plantilla cuarta','sdfsdfsd','','pending','model_mailing.xls','',NULL,'2014-04-24 11:51:31','admin',0,0,0,0),(107,11,'dnoguera2@imagar.com','Tu ayudaadmin','Plantilla cuarta','sdfsdfsd','','pending','model_mailing.xls','',NULL,'2014-04-24 11:52:13','admin',0,0,0,0),(108,11,'dnoguera2@imagar.com','Tu ayudaadmin','Plantilla cuarta','sdfsdfsd','','pending','model_mailing.xls','',NULL,'2014-04-24 11:52:38','admin',3,0,3,0),(109,3,'dnoguera2@imagar.com','Tu ayudaadmin','sdfs','sdfsdf','','pending','model_mailing.xls','',NULL,'2014-04-24 12:00:51','admin',4,0,4,0),(110,1,'dnoguera2@imagar.com','Tu ayudaadmin','','','','pending','','',NULL,'2014-04-29 17:20:44','admin',0,0,0,0),(111,1,'dnoguera2@imagar.com','Tu ayudaadmin','','','','pending','','',NULL,'2014-04-29 17:22:20','admin',0,0,0,0),(112,1,'dnoguera2@imagar.com','Tu ayudaadmin','eeeeeeeeeeeee','rrrrrrrrrrrrrrrrr','','pending','model_mailing.xls','',NULL,'2014-04-29 17:38:47','admin',4,0,4,0),(113,1,'dnoguera2@imagar.com','Tu ayudaadmin','ggggggggggggg','ghghfghfghf','','pending','model_mailing.xls','',NULL,'2014-04-29 17:40:10','admin',4,0,4,0),(114,2,'dnoguera2@imagar.com','Tu ayudaadmin','45645645','6456456456','','pending','model_mailing.xls','',NULL,'2014-04-29 17:44:13','admin',4,0,4,0),(115,1,'dnoguera2@imagar.com','Tu ayudaadmin','7777777777','777777777777','','pending','model_mailing.xls','',NULL,'2014-04-29 17:45:15','admin',4,0,4,0),(116,1,'dnoguera2@imagar.com','Tu ayudaadmin','rrrrrr','rrrrrrrrrrrrrrrrrr','','pending','model_mailing.xls','',NULL,'2014-04-29 17:47:35','admin',4,0,4,0),(117,1,'dnoguera2@imagar.com','Tu ayudaadmin','uu','uuuuuuuuuuuuu','','pending','model_mailing.xls','',NULL,'2014-04-29 17:48:12','admin',4,0,4,0),(118,1,'dnoguera2@imagar.com','Tu ayudaadmin','ggggg','ggggdfgdfg','','completed','model_mailing.xls','','2014-04-24','2014-04-29 18:04:51','admin',4,4,0,0),(119,1,'dnoguera2@imagar.com','Tu ayudaadmin','dddddddddddd','dfdsfsdf','','completed','model_mailing.xls','','2014-05-09','2014-04-29 18:07:00','admin',4,4,0,0),(120,1,'dnoguera2@imagar.com','Tu ayudaadmin','eeeeeeeeee','ererer','','pending','model_mailing.xls','',NULL,'2014-04-29 18:07:44','admin',4,0,4,0),(121,1,'dnoguera2@imagar.com','DavidNoguera Gutierrez','Mensaje 1','Mensaje de prueba','','completed','model_mailing.xls','',NULL,'2014-05-05 17:05:39','20266370N',4,4,0,0),(122,1,'dnoguera2@imagar.com','Tu ayudaadmin','','','','pending','','',NULL,'2014-05-06 16:48:53','admin',0,0,0,0),(123,1,'dnoguera2@imagar.com','Tu ayudaadmin','asdasd final','asdasd','','pending','','',NULL,'2014-05-06 17:52:19','admin',2,0,2,0),(124,1,'dnoguera2@imagar.com','Tu ayudaadmin','222222222222','3333333333333333333333333','','pending','model_mailing.xls','',NULL,'2014-05-06 17:53:07','admin',5,0,5,0),(125,1,'dnoguera2@imagar.com','Tu ayudaadmin','test11','jajajajajaj','','pending','','',NULL,'2014-05-07 09:40:33','admin',5,0,5,0),(126,2,'dnoguera2@imagar.com','Tu ayudaadmin','Prueba de certificación','desc del mensaje','','pending','1','','2014-05-23','2014-05-07 09:44:26','admin',2,0,2,0),(127,12,'dnoguera@imagar.com','Tu ayudaadmin','prueba dos textos','texto1','texto2','pending','1','',NULL,'2014-05-14 12:48:06','admin',6,0,6,0),(128,12,'dnoguera@imagar.com','Tu ayudaadmin','el asunto del mensaje','<meta content=\"texthtml; charset=UTF-8\" http-equiv=\"Content-Type\" >\r\n<title><title>\r\n<div align=\"center\">\r\n	<table border=\"0\" cellpadding=\"10px\" cellspacing=\"0\" width=\"400\">\r\n		<tbody>\r\n			<tr valign=\"top\">\r\n				<td rowspan=\"2\" width=\"194\">\r\n					<img alt=\"\" src=\"http:localhostalainimagesmailingimageslogo.png\" style=\"width: 100px; height: 75px;\" ><br >\r\n					<br >\r\n					<img src=\"images/usuarios/1400146900_1396955321_1392898485_1391208999_imag0493.jpeg\" /><td>\r\n				<td style=\"vertical-align: top; width: 100%;\">\r\n					<h2>\r\n						Reclamo<h2>\r\n					2ACC te felicita!!<br >\r\n					mi personalizacion<br >\r\n					<br >\r\n					<br >\r\n					Consigue un descuento de 4 %<br >\r\n					<br >\r\n					fecha l&iacute;mite de la promoci&oacute;n 18/06/2014<br >\r\n					<br >\r\n					C/Álamo 9 - 28921 - Alcorcón - Madrid<br />Tlf.:  91 666 66 66<br />www.imagar.com<br />dnoguera@imagar.com<td>\r\n			<tr>\r\n		<tbody>\r\n	<table>\r\n<div>\r\n','','pending','9','',NULL,'2014-06-10 15:35:40','admin',5,0,5,0),(129,2,'dnoguera@imagar.com','Administrador Community','Mi mensaje de prueba','','','pending','15','',NULL,'2014-07-28 11:29:25','admin',6,0,6,0),(130,2,'dnoguera@imagar.com','Administrador Community','Mi mensaje de prueba','','','pending','15','',NULL,'2014-07-28 11:31:04','admin',6,0,6,0),(131,2,'dnoguera@imagar.com','Administrador Community','Mi mensaje de prueba','<meta content=\"text/html; charset=UTF-8\" http-equiv=\"Content-Type\" />\r\n<title></title>\r\n<div align=\"center\">\r\n	<table border=\"0\" cellpadding=\"10px\" cellspacing=\"0\" width=\"400\">\r\n		<tbody>\r\n			<tr valign=\"top\">\r\n				<td rowspan=\"2\" width=\"194\">\r\n					<img alt=\"\" src=\"http://localhost/alain/images/mailing/images/logo.png\" style=\"width: 100px; height: 75px;\" /><br />\r\n					<br />\r\n					<img src=\"/images/usuarios/\" /></td>\r\n				<td style=\"vertical-align: top; width: 100%;\">\r\n					<h2>\r\n						Convocatoria</h2>\r\n					<br />\r\n					<br />\r\n					01/07/2014<br />\r\n					<br />\r\n					Consigue un descuento de <strong>12</strong><br />\r\n					<br />\r\n					[CLAIM PROMOCION]</td>\r\n			</tr>\r\n			<tr>\r\n				<td>\r\n					C/Alamo 9 1º derecha - 28921 - Alcorcón - Madrid<br />Tlf.:  666666666<br />dnoguera@imagar.com<br />www.imagar.com</td>\r\n			</tr>\r\n		</tbody>\r\n	</table>\r\n</div>\r\n','','pending','15','',NULL,'2014-07-28 11:33:07','admin',6,0,6,0),(132,2,'dnoguera@imagar.com','Administrador Community','Mi mensaje de prueba','<meta content=\"text/html; charset=UTF-8\" http-equiv=\"Content-Type\" />\r\n<title></title>\r\n<div align=\"center\">\r\n	<table border=\"0\" cellpadding=\"10px\" cellspacing=\"0\" width=\"400\">\r\n		<tbody>\r\n			<tr valign=\"top\">\r\n				<td rowspan=\"2\" width=\"194\">\r\n					<img alt=\"\" src=\"http://localhost/alain/images/mailing/images/logo.png\" style=\"width: 100px; height: 75px;\" /><br />\r\n					<br />\r\n					<img src=\"http://192.168.0.8/community/images/usuarios/\" /></td>\r\n				<td style=\"vertical-align: top; width: 100%;\">\r\n					<h2>\r\n						Convocatoria</h2>\r\n					<br />\r\n					<br />\r\n					01/07/2014<br />\r\n					<br />\r\n					Consigue un descuento de <strong>12</strong><br />\r\n					<br />\r\n					[CLAIM PROMOCION]</td>\r\n			</tr>\r\n			<tr>\r\n				<td>\r\n					C/Alamo 9 1º derecha - 28921 - Alcorcón - Madrid<br />Tlf.:  666666666<br />dnoguera@imagar.com<br />www.imagar.com</td>\r\n			</tr>\r\n		</tbody>\r\n	</table>\r\n</div>\r\n','','pending','15','',NULL,'2014-07-28 11:33:42','admin',6,0,6,0),(133,2,'dnoguera@imagar.com','Administrador Community','Mi mensaje de prueba','<meta content=\"text/html; charset=UTF-8\" http-equiv=\"Content-Type\" />\r\n<title></title>\r\n<div align=\"center\">\r\n	<table border=\"0\" cellpadding=\"10px\" cellspacing=\"0\" width=\"400\">\r\n		<tbody>\r\n			<tr valign=\"top\">\r\n				<td rowspan=\"2\" width=\"194\">\r\n					<img alt=\"\" src=\"http://localhost/alain/images/mailing/images/logo.png\" style=\"width: 100px; height: 75px;\" /><br />\r\n					<br />\r\n					<img src=\"http://192.168.0.8/community/images/usuarios/\" /></td>\r\n				<td style=\"vertical-align: top; width: 100%;\">\r\n					<h2>\r\n						Convocatoria</h2>\r\n					<br />\r\n					<br />\r\n					01/07/2014<br />\r\n					<br />\r\n					Consigue un descuento de <strong>12</strong><br />\r\n					<br />\r\n					[CLAIM PROMOCION]</td>\r\n			</tr>\r\n			<tr>\r\n				<td>\r\n					C/Alamo 9 1º derecha - 28921 - Alcorcón - Madrid<br />Tlf.:  666666666<br />dnoguera@imagar.com<br />www.imagar.com</td>\r\n			</tr>\r\n		</tbody>\r\n	</table>\r\n</div>\r\n','','pending','15','',NULL,'2014-07-28 11:34:18','admin',6,0,6,0),(134,2,'dnoguera@imagar.com','Administrador Community','Mi mensaje de prueba','<meta content=\"text/html; charset=UTF-8\" http-equiv=\"Content-Type\" />\r\n<title></title>\r\n<div align=\"center\">\r\n	<table border=\"0\" cellpadding=\"10px\" cellspacing=\"0\" width=\"400\">\r\n		<tbody>\r\n			<tr valign=\"top\">\r\n				<td rowspan=\"2\" width=\"194\">\r\n					<img alt=\"\" src=\"http://localhost/alain/images/mailing/images/logo.png\" style=\"width: 100px; height: 75px;\" /><br />\r\n					<br />\r\n					<img src=\"http://192.168.0.8/community/images/usuarios/\" /></td>\r\n				<td style=\"vertical-align: top; width: 100%;\">\r\n					<h2>\r\n						Convocatoria</h2>\r\n					<br />\r\n					<br />\r\n					01/07/2014<br />\r\n					<br />\r\n					Consigue un descuento de <strong>12</strong><br />\r\n					<br />\r\n					mi mensaje de claimmmmmm</td>\r\n			</tr>\r\n			<tr>\r\n				<td>\r\n					C/Alamo 9 1º derecha - 28921 - Alcorcón - Madrid<br />Tlf.:  666666666<br />dnoguera@imagar.com<br />www.imagar.com</td>\r\n			</tr>\r\n		</tbody>\r\n	</table>\r\n</div>\r\n','','pending','15','',NULL,'2014-07-28 11:35:49','admin',6,0,6,0),(135,2,'dnoguera@imagar.com','Administrador Community','Mi mensaje de prueba2','<meta content=\"text/html; charset=UTF-8\" http-equiv=\"Content-Type\" />\r\n<title></title>\r\n<div align=\"center\">\r\n	<table border=\"0\" cellpadding=\"10px\" cellspacing=\"0\" width=\"400\">\r\n		<tbody>\r\n			<tr valign=\"top\">\r\n				<td rowspan=\"2\" width=\"194\">\r\n					<img alt=\"\" src=\"http://localhost/alain/images/mailing/images/logo.png\" style=\"width: 100px; height: 75px;\" /><br />\r\n					<br />\r\n					<img src=\"http://192.168.0.8/community/images/usuarios/\" /></td>\r\n				<td style=\"vertical-align: top; width: 100%;\">\r\n					<h2>\r\n						Convocatoria</h2>\r\n					<br />\r\n					<br />\r\n					01/07/2014<br />\r\n					<br />\r\n					Consigue un descuento de <strong>11</strong><br />\r\n					<br />\r\n					Mi CLAIMMMMMMM</td>\r\n			</tr>\r\n			<tr>\r\n				<td>\r\n					C/Alamo 9 1º derecha - 28921 - Alcorcón - Madrid<br />Tlf.:  666666666<br />dnoguera@imagar.com<br />www.imagar.com</td>\r\n			</tr>\r\n		</tbody>\r\n	</table>\r\n</div>\r\n','','pending','15','',NULL,'2014-07-28 11:36:52','admin',6,0,6,0),(136,3,'dnoguera@imagar.com','Administrador Community','prueba1','<table align=\"center\" border=\"0\" cellpadding=\"1\" cellspacing=\"10\" style=\"width: 600px;\">\r\n	<tbody>\r\n		<tr>\r\n			<td>\r\n				<img alt=\"\" src=\"http://localhost/alain/images/mailing/images/logo.png\" style=\"width: 100px; height: 75px;\" /></td>\r\n			<td style=\"vertical-align: top; width: 100%;\">\r\n				<h2>\r\n					El cuerpo del nuevo mensaje principal.</h2>\r\n				<br />\r\n				<a href=\"http://www.css-tricks.com\">http://www.css-tricks.com</a><br />\r\n				<br />\r\n				[CONTENT]</td>\r\n		</tr>\r\n	</tbody>\r\n</table>\r\n','','pending','15','',NULL,'2014-09-11 13:01:34','admin',0,0,0,0),(137,3,'dnoguera@imagar.com','Administrador Community','prueba1','<table align=\"center\" border=\"0\" cellpadding=\"1\" cellspacing=\"10\" style=\"width: 600px;\">\r\n	<tbody>\r\n		<tr>\r\n			<td>\r\n				<img alt=\"\" src=\"http://localhost/alain/images/mailing/images/logo.png\" style=\"width: 100px; height: 75px;\" /></td>\r\n			<td style=\"vertical-align: top; width: 100%;\">\r\n				<h2>\r\n					El cuerpo del nuevo mensaje principal.</h2>\r\n				<br />\r\n				<a href=\"http://www.css-tricks.com\">http://www.css-tricks.com</a><br />\r\n				<br />\r\n				[CONTENT]</td>\r\n		</tr>\r\n	</tbody>\r\n</table>\r\n','','pending','15','',NULL,'2014-09-11 13:02:58','admin',6,0,6,0),(138,3,'dnoguera@imagar.com','Administrador Community','asdasd final','<table align=\"center\" border=\"0\" cellpadding=\"1\" cellspacing=\"10\" style=\"width: 600px;\">\r\n	<tbody>\r\n		<tr>\r\n			<td>\r\n				<img alt=\"\" src=\"http://localhost/alain/images/mailing/images/logo.png\" style=\"width: 100px; height: 75px;\" /></td>\r\n			<td style=\"vertical-align: top; width: 100%;\">\r\n				<h2>\r\n					El cuerpo del nuevo mensaje principal.</h2>\r\n				<br />\r\n				<a href=\"http://www.css-tricks.com\">http://www.css-tricks.com</a><br />\r\n				<br />\r\n				[CONTENT]</td>\r\n		</tr>\r\n	</tbody>\r\n</table>\r\n','','pending','15','',NULL,'2014-09-11 13:07:32','admin',6,0,6,0),(139,3,'dnoguera@imagar.com','Administrador Community','dddddddddddddd','<table align=\"center\" border=\"0\" cellpadding=\"1\" cellspacing=\"10\" style=\"width: 600px;\">\r\n	<tbody>\r\n		<tr>\r\n			<td>\r\n				<img alt=\"\" src=\"http://localhost/alain/images/mailing/images/logo.png\" style=\"width: 100px; height: 75px;\" /></td>\r\n			<td style=\"vertical-align: top; width: 100%;\">\r\n				<h2>\r\n					El cuerpo del nuevo mensaje principal.</h2>\r\n				<br />\r\n				<a href=\"http://www.css-tricks.com\">http://www.css-tricks.com</a><br />\r\n				<br />\r\n				[CONTENT]</td>\r\n		</tr>\r\n	</tbody>\r\n</table>\r\n','','pending','15','',NULL,'2014-09-11 13:07:59','admin',6,0,6,0),(140,3,'dnoguera@imagar.com','Administrador Community','zxczxczxc','<table align=\"center\" border=\"0\" cellpadding=\"1\" cellspacing=\"10\" style=\"width: 600px;\">\r\n	<tbody>\r\n		<tr>\r\n			<td>\r\n				<img alt=\"\" src=\"http://localhost/alain/images/mailing/images/logo.png\" style=\"width: 100px; height: 75px;\" /></td>\r\n			<td style=\"vertical-align: top; width: 100%;\">\r\n				<h2>\r\n					El cuerpo del nuevo mensaje principal.</h2>\r\n				<br />\r\n				<a href=\"http://www.css-tricks.com\">http://www.css-tricks.com</a><br />\r\n				<br />\r\n				[CONTENT]</td>\r\n		</tr>\r\n	</tbody>\r\n</table>\r\n','','pending','15','',NULL,'2014-09-11 13:08:25','admin',6,0,6,0),(141,3,'dnoguera@imagar.com','Administrador Community','ffffffffff','<table align=\"center\" border=\"0\" cellpadding=\"1\" cellspacing=\"10\" style=\"width: 600px;\">\r\n	<tbody>\r\n		<tr>\r\n			<td>\r\n				<img alt=\"\" src=\"http://localhost/alain/images/mailing/images/logo.png\" style=\"width: 100px; height: 75px;\" /></td>\r\n			<td style=\"vertical-align: top; width: 100%;\">\r\n				<h2>\r\n					El cuerpo del nuevo mensaje principal.</h2>\r\n				<br />\r\n				<a href=\"http://www.css-tricks.com\">http://www.css-tricks.com</a><br />\r\n				<br />\r\n				[CONTENT]</td>\r\n		</tr>\r\n	</tbody>\r\n</table>\r\n','','pending','15','',NULL,'2014-09-11 13:09:46','admin',6,0,6,0),(142,3,'dnoguera@imagar.com','Administrador Community','ffffffffff','<table align=\"center\" border=\"0\" cellpadding=\"1\" cellspacing=\"10\" style=\"width: 600px;\">\r\n	<tbody>\r\n		<tr>\r\n			<td>\r\n				<img alt=\"\" src=\"http://localhost/alain/images/mailing/images/logo.png\" style=\"width: 100px; height: 75px;\" /></td>\r\n			<td style=\"vertical-align: top; width: 100%;\">\r\n				<h2>\r\n					El cuerpo del nuevo mensaje principal.</h2>\r\n				<br />\r\n				<a href=\"http://www.css-tricks.com\">http://www.css-tricks.com</a><br />\r\n				<br />\r\n				[CONTENT]</td>\r\n		</tr>\r\n	</tbody>\r\n</table>\r\n','','pending','15','',NULL,'2014-09-11 13:10:56','admin',6,0,6,0),(143,3,'dnoguera@imagar.com','Administrador Community','ffffffffff','<table align=\"center\" border=\"0\" cellpadding=\"1\" cellspacing=\"10\" style=\"width: 600px;\">\r\n	<tbody>\r\n		<tr>\r\n			<td>\r\n				<img alt=\"\" src=\"http://localhost/alain/images/mailing/images/logo.png\" style=\"width: 100px; height: 75px;\" /></td>\r\n			<td style=\"vertical-align: top; width: 100%;\">\r\n				<h2>\r\n					El cuerpo del nuevo mensaje principal.</h2>\r\n				<br />\r\n				<a href=\"http://www.css-tricks.com\">http://www.css-tricks.com</a><br />\r\n				<br />\r\n				[CONTENT]</td>\r\n		</tr>\r\n	</tbody>\r\n</table>\r\n','','pending','15','',NULL,'2014-09-11 13:11:12','admin',6,0,6,0),(144,3,'dnoguera@imagar.com','Administrador Community','oooooo','<table align=\"center\" border=\"0\" cellpadding=\"1\" cellspacing=\"10\" style=\"width: 600px;\">\r\n	<tbody>\r\n		<tr>\r\n			<td>\r\n				<img alt=\"\" src=\"http://localhost/alain/images/mailing/images/logo.png\" style=\"width: 100px; height: 75px;\" /></td>\r\n			<td style=\"vertical-align: top; width: 100%;\">\r\n				<h2>\r\n					El cuerpo del nuevo mensaje principal.</h2>\r\n				<br />\r\n				<a href=\"http://www.css-tricks.com\">http://www.css-tricks.com</a><br />\r\n				<br />\r\n				[CONTENT]</td>\r\n		</tr>\r\n	</tbody>\r\n</table>\r\n','','pending','15','',NULL,'2014-09-11 13:12:30','admin',6,0,6,0),(145,3,'dnoguera@imagar.com','Administrador Community','oooooo','<table align=\"center\" border=\"0\" cellpadding=\"1\" cellspacing=\"10\" style=\"width: 600px;\">\r\n	<tbody>\r\n		<tr>\r\n			<td>\r\n				<img alt=\"\" src=\"http://localhost/alain/images/mailing/images/logo.png\" style=\"width: 100px; height: 75px;\" /></td>\r\n			<td style=\"vertical-align: top; width: 100%;\">\r\n				<h2>\r\n					El cuerpo del nuevo mensaje principal.</h2>\r\n				<br />\r\n				<a href=\":///lt.php?id=EDNjXFAPWQ%3D%3D\" >http://www.css-tricks.com</a><br />\r\n				<br />\r\n				[CONTENT]</td>\r\n		</tr>\r\n	</tbody>\r\n</table>\r\n','','pending','15','',NULL,'2014-09-11 13:13:29','admin',6,0,6,0),(146,3,'dnoguera@imagar.com','Administrador Community','oooooo','<table align=\"center\" border=\"0\" cellpadding=\"1\" cellspacing=\"10\" style=\"width: 600px;\">\r\n	<tbody>\r\n		<tr>\r\n			<td>\r\n				<img alt=\"\" src=\"http://localhost/alain/images/mailing/images/logo.png\" style=\"width: 100px; height: 75px;\" /></td>\r\n			<td style=\"vertical-align: top; width: 100%;\">\r\n				<h2>\r\n					El cuerpo del nuevo mensaje principal.</h2>\r\n				<br />\r\n				<a href=\"http://http://192.168.0.8/community-php/includes/modules/mailing/pages/lt.php?id=EDNjXFAPWQ%3D%3D\" >http://www.css-tricks.com</a><br />\r\n				<br />\r\n				[CONTENT]</td>\r\n		</tr>\r\n	</tbody>\r\n</table>\r\n','','pending','15','',NULL,'2014-09-11 13:18:35','admin',6,0,6,0),(147,3,'dnoguera@imagar.com','Administrador Community','oooooo','<table align=\"center\" border=\"0\" cellpadding=\"1\" cellspacing=\"10\" style=\"width: 600px;\">\r\n	<tbody>\r\n		<tr>\r\n			<td>\r\n				<img alt=\"\" src=\"http://localhost/alain/images/mailing/images/logo.png\" style=\"width: 100px; height: 75px;\" /></td>\r\n			<td style=\"vertical-align: top; width: 100%;\">\r\n				<h2>\r\n					El cuerpo del nuevo mensaje principal.</h2>\r\n				<br />\r\n				<a href=\"http://192.168.0.8/community-php/includes/modules/mailing/pages/lt.php?id=EDNjXFAPWQ%3D%3D\" >http://www.css-tricks.com</a><br />\r\n				<br />\r\n				[CONTENT]</td>\r\n		</tr>\r\n	</tbody>\r\n</table>\r\n','','pending','15','',NULL,'2014-09-11 13:19:39','admin',6,0,6,0),(148,3,'dnoguera@imagar.com','Administrador Community','oooooo','<table align=\"center\" border=\"0\" cellpadding=\"1\" cellspacing=\"10\" style=\"width: 600px;\">\r\n	<tbody>\r\n		<tr>\r\n			<td>\r\n				<img alt=\"\" src=\"http://localhost/alain/images/mailing/images/logo.png\" style=\"width: 100px; height: 75px;\" /></td>\r\n			<td style=\"vertical-align: top; width: 100%;\">\r\n				<h2>\r\n					El cuerpo del nuevo mensaje principal.</h2>\r\n				<br />\r\n				<a href=\"http://www.css-tricks.com\">http://www.css-tricks.com</a><br />\r\n				<br />\r\n				[CONTENT]</td>\r\n		</tr>\r\n	</tbody>\r\n</table>\r\n','','pending','15','',NULL,'2014-09-11 13:22:52','admin',0,0,0,0),(149,3,'dnoguera@imagar.com','Administrador Community','oooooo','<table align=\"center\" border=\"0\" cellpadding=\"1\" cellspacing=\"10\" style=\"width: 600px;\">\r\n	<tbody>\r\n		<tr>\r\n			<td>\r\n				<img alt=\"\" src=\"http://localhost/alain/images/mailing/images/logo.png\" style=\"width: 100px; height: 75px;\" /></td>\r\n			<td style=\"vertical-align: top; width: 100%;\">\r\n				<h2>\r\n					El cuerpo del nuevo mensaje principal.</h2>\r\n				<br />\r\n				<a href=\"http://192.168.0.8/community-php/includes/modules/mailing/pages/lt.php?id=EDNjXFAPWQ%3D%3D\" >http://www.css-tricks.com</a><br />\r\n				<br />\r\n				[CONTENT]</td>\r\n		</tr>\r\n	</tbody>\r\n</table>\r\n','','pending','15','',NULL,'2014-09-11 13:23:40','admin',6,0,6,0),(150,3,'dnoguera@imagar.com','Administrador Community','oooooo','<table align=\"center\" border=\"0\" cellpadding=\"1\" cellspacing=\"10\" style=\"width: 600px;\">\r\n	<tbody>\r\n		<tr>\r\n			<td>\r\n				<img alt=\"\" src=\"http://localhost/alain/images/mailing/images/logo.png\" style=\"width: 100px; height: 75px;\" /></td>\r\n			<td style=\"vertical-align: top; width: 100%;\">\r\n				<h2>\r\n					El cuerpo del nuevo mensaje principal.</h2>\r\n				<br />\r\n				<a href=\"http://192.168.0.8/community-php/includes/modules/mailing/pages/lt.php?id=EDNjXFAPWQ%3D%3D\" >http://www.css-tricks.com</a><br />\r\n				<br />\r\n				<a href=\"http://192.168.0.8/community-php/includes/modules/mailing/pages/lt.php?id=EDNjXFAPWQ%3D%3D\" >Ir a la comunidad</a><br />\r\n				<br />\r\n				[CONTENT]</td>\r\n		</tr>\r\n	</tbody>\r\n</table>\r\n','','cancelled','15','',NULL,'2014-09-11 13:26:06','admin',6,0,6,0),(151,3,'dnoguera@imagar.com','Administrador Community','oooooo','<table align=\"center\" border=\"0\" cellpadding=\"1\" cellspacing=\"10\" style=\"width: 600px;\">\r\n	<tbody>\r\n		<tr>\r\n			<td>\r\n				<img alt=\"\" src=\"http://localhost/alain/images/mailing/images/logo.png\" style=\"width: 100px; height: 75px;\" /></td>\r\n			<td style=\"vertical-align: top; width: 100%;\">\r\n				<h2>\r\n					El cuerpo del nuevo mensaje principal.</h2>\r\n				<br />\r\n				<a href=\"http://192.168.0.8/community-php/includes/modules/mailing/pages/lt.php?id=EDNjXFAPWQ%3D%3D\" >http://www.css-tricks.com</a><br />\r\n				<br />\r\n				<a href=\"http://192.168.0.8/community-php/includes/modules/mailing/pages/lt.php?id=EDNjXFAPWQ%3D%3D\" >Ir a la comunidad</a><br />\r\n				<br />\r\n				[CONTENT]</td>\r\n		</tr>\r\n	</tbody>\r\n</table>\r\n','','pending','15','',NULL,'2014-09-11 13:28:05','admin',6,0,6,0),(152,3,'dnoguera@imagar.com','Administrador Community','oooooo','','','completed','15','',NULL,'2014-09-11 13:47:12','admin',6,6,0,0),(153,3,'dnoguera@imagar.com','Administrador Community','prueba','<table align=\"center\" border=\"0\" cellpadding=\"1\" cellspacing=\"10\" style=\"width: 600px;\">\r\n	<tbody>\r\n		<tr>\r\n			<td>\r\n				<img alt=\"\" src=\"http://localhost/alain/images/mailing/images/logo.png\" style=\"width: 100px; height: 75px;\" /></td>\r\n			<td style=\"vertical-align: top; width: 100%;\">\r\n				<h2>\r\n					El cuerpo del nuevo mensaje principal.</h2>\r\n				<br />\r\n				<a href=\"http://www.css-tricks.com\">http://www.css-tricks.com</a><br />\r\n				<br />\r\n				<a href=\"http://localhost/community-php/?page=admin-template&amp;id=3\">Ir a la comunidad</a><br />\r\n				<br />\r\n				[CONTENT]</td>\r\n		</tr>\r\n	</tbody>\r\n</table>\r\n','','completed','15','',NULL,'2014-09-11 15:34:18','admin',6,6,0,0),(154,3,'dnoguera@imagar.com','Administrador Community','prueba2','<table align=\"center\" border=\"0\" cellpadding=\"1\" cellspacing=\"10\" style=\"width: 600px;\">\r\n	<tbody>\r\n		<tr>\r\n			<td>\r\n				<img alt=\"\" src=\"http://localhost/alain/images/mailing/images/logo.png\" style=\"width: 100px; height: 75px;\" /></td>\r\n			<td style=\"vertical-align: top; width: 100%;\">\r\n				<h2>\r\n					El cuerpo del nuevo mensaje principal.</h2>\r\n				<br />\r\n				<a href=\"http://www.css-tricks.com\">http://www.css-tricks.com</a><br />\r\n				<br />\r\n				<a href=\"http://localhost/community-php/?page=admin-template&amp;id=3\">Ir a la comunidad</a><br />\r\n				<br />\r\n				[CONTENT]</td>\r\n		</tr>\r\n	</tbody>\r\n</table>\r\n','','cancelled','16','',NULL,'2014-09-11 15:48:47','admin',2,0,2,0),(155,3,'dnoguera@imagar.com','Administrador Community','mensaje de prueba','<h2>\r\n	El cuerpo del nuevo mensaje principal.</h2>\r\n<br />\r\n<a href=\"http://www.css-tricks.com\">http://www.css-tricks.com</a><br />\r\n<br />\r\n<a href=\"http://localhost/community-php/?page=admin-template&amp;id=3\">Ir a la comunidad</a><br />\r\n<br />\r\nel mensaje de claim','','completed','16','',NULL,'2014-09-11 15:59:31','admin',2,2,0,0),(156,3,'dnoguera@imagar.com','Administrador Community','Nuevo asunto del mensaje','<div align=\"center\">\r\n	<table border=\"0\" cellpadding=\"10px\" cellspacing=\"0\" width=\"400\">\r\n		<tbody>\r\n			<tr valign=\"top\">\r\n				<td rowspan=\"2\" width=\"194\">\r\n					<img alt=\"\" src=\"http://192.168.0.8/community-php/images/mailing/images/logo.png\" style=\"width: 100px; height: 75px;\" /><br />\r\n					&nbsp;</td>\r\n				<td style=\"vertical-align: top; width: 100%;\">\r\n					<h2>\r\n						P. Simple</h2>\r\n					Esto es un mensaje de plantilla simple<br />\r\n					<br />\r\n					<a href=\"http://google.es\">Ir a google</a><br />\r\n					<a href=\"http://imagar.com\">http://imagar.com</a><br />\r\n					<br />\r\n					&nbsp;</td>\r\n			</tr>\r\n			<tr>\r\n				<td>\r\n					El mensaje de claim de la promoción</td>\r\n			</tr>\r\n		</tbody>\r\n	</table>\r\n</div>\r\n','','completed','16','',NULL,'2014-09-11 16:13:44','admin',2,2,0,0),(157,3,'dnoguera@imagar.com','Administrador Community','prueba de links','<div align=\"center\">\r\n	<table border=\"0\" cellpadding=\"10px\" cellspacing=\"0\" width=\"400\">\r\n		<tbody>\r\n			<tr valign=\"top\">\r\n				<td rowspan=\"2\" width=\"194\">\r\n					<img alt=\"\" src=\"http://192.168.0.8/community-php/images/mailing/images/logo.png\" style=\"width: 100px; height: 75px;\" /><br />\r\n					&nbsp;</td>\r\n				<td style=\"vertical-align: top; width: 100%;\">\r\n					<h2>\r\n						P. Simple</h2>\r\n					Esto es un mensaje de plantilla simple<br />\r\n					<br />\r\n					<a href=\"http://google.es\">Ir a google</a><br />\r\n					<a href=\"http://imagar.com\">http://imagar.com</a><br />\r\n					<br />\r\n					&nbsp;</td>\r\n			</tr>\r\n			<tr>\r\n				<td>\r\n					Este es el pie del mensaje</td>\r\n			</tr>\r\n		</tbody>\r\n	</table>\r\n</div>\r\n','','completed','16','',NULL,'2014-09-11 17:39:02','admin',2,2,0,0),(158,3,'dnoguera@imagar.com','Administrador Community','Prueba email masivo','<div align=\"center\">\r\n	<table border=\"0\" cellpadding=\"10px\" cellspacing=\"0\" width=\"400\">\r\n		<tbody>\r\n			<tr valign=\"top\">\r\n				<td rowspan=\"2\" width=\"194\">\r\n					<img alt=\"\" src=\"http://192.168.0.8/community-php/images/mailing/images/logo.png\" style=\"width: 100px; height: 75px;\" /><br />\r\n					&nbsp;</td>\r\n				<td style=\"vertical-align: top; width: 100%;\">\r\n					<h2>\r\n						P. Simple</h2>\r\n					Esto es un mensaje de plantilla simple<br />\r\n					<br />\r\n					<a href=\"http://google.es\">Ir a google</a><br />\r\n					<a href=\"http://imagar.com\">http://imagar.com</a><br />\r\n					<br />\r\n					&nbsp;</td>\r\n			</tr>\r\n			<tr>\r\n				<td>\r\n					El pie del mensaje</td>\r\n			</tr>\r\n		</tbody>\r\n	</table>\r\n</div>\r\n','','completed','15','',NULL,'2014-09-11 17:45:38','admin',6,6,0,0),(159,3,'dnoguera@imagar.com','Administrador Community','Mensaje de prueba','<div align=\"center\">\r\n	<table border=\"0\" cellpadding=\"10px\" cellspacing=\"0\" width=\"400\">\r\n		<tbody>\r\n			<tr valign=\"top\">\r\n				<td rowspan=\"2\" width=\"194\">\r\n					<img alt=\"\" src=\"http://192.168.0.8/community-php/images/mailing/images/logo.png\" style=\"width: 100px; height: 75px;\" /><br />\r\n					&nbsp;</td>\r\n				<td style=\"vertical-align: top; width: 100%;\">\r\n					<h2>\r\n						P. Simple</h2>\r\n					Esto es un mensaje de plantilla simple<br />\r\n					<br />\r\n					<a href=\"http://google.es\">Ir a google</a><br />\r\n					<a href=\"http://imagar.com\">http://imagar.com</a><br />\r\n					<br />\r\n					&nbsp;</td>\r\n			</tr>\r\n			<tr>\r\n				<td>\r\n					el pie del mensaje</td>\r\n			</tr>\r\n		</tbody>\r\n	</table>\r\n</div>\r\n','','completed','16','',NULL,'2014-09-12 09:49:57','admin',2,2,0,0),(160,3,'dnoguera@imagar.com','Administrador Community','una prueba de blacklist','<div align=\"center\">\r\n	<table border=\"0\" cellpadding=\"10px\" cellspacing=\"0\" width=\"400\">\r\n		<tbody>\r\n			<tr valign=\"top\">\r\n				<td rowspan=\"2\" width=\"194\">\r\n					<img alt=\"\" src=\"http://192.168.0.8/community-php/images/mailing/images/logo.png\" style=\"width: 100px; height: 75px;\" /><br />\r\n					&nbsp;</td>\r\n				<td style=\"vertical-align: top; width: 100%;\">\r\n					<h2>\r\n						P. Simple</h2>\r\n					Esto es un mensaje de plantilla simple<br />\r\n					<br />\r\n					<a href=\"http://google.es\">Ir a google</a><br />\r\n					<a href=\"http://imagar.com\">http://imagar.com</a><br />\r\n					<br />\r\n					&nbsp;</td>\r\n			</tr>\r\n			<tr>\r\n				<td>\r\n					El pie del mensaje</td>\r\n			</tr>\r\n		</tbody>\r\n	</table>\r\n</div>\r\n','','completed','16','',NULL,'2014-09-12 10:12:55','admin',2,2,0,0),(161,3,'dnoguera@imagar.com','Administrador Community','una prueba de blacklist2','<div align=\"center\">\r\n	<table border=\"0\" cellpadding=\"10px\" cellspacing=\"0\" width=\"400\">\r\n		<tbody>\r\n			<tr valign=\"top\">\r\n				<td rowspan=\"2\" width=\"194\">\r\n					<img alt=\"\" src=\"http://192.168.0.8/community-php/images/mailing/images/logo.png\" style=\"width: 100px; height: 75px;\" /><br />\r\n					&nbsp;</td>\r\n				<td style=\"vertical-align: top; width: 100%;\">\r\n					<h2>\r\n						P. Simple</h2>\r\n					Esto es un mensaje de plantilla simple<br />\r\n					<br />\r\n					<a href=\"http://google.es\">Ir a google</a><br />\r\n					<a href=\"http://imagar.com\">http://imagar.com</a><br />\r\n					<br />\r\n					&nbsp;</td>\r\n			</tr>\r\n			<tr>\r\n				<td>\r\n					peeeeeeeeeeeeee</td>\r\n			</tr>\r\n		</tbody>\r\n	</table>\r\n</div>\r\n','','completed','16','',NULL,'2014-09-12 10:30:45','admin',2,2,0,0),(162,3,'dnoguera@imagar.com','Administrador Community','una prueba de blacklist3','<div align=\"center\">\r\n	<table border=\"0\" cellpadding=\"10px\" cellspacing=\"0\" width=\"400\">\r\n		<tbody>\r\n			<tr valign=\"top\">\r\n				<td rowspan=\"2\" width=\"194\">\r\n					<img alt=\"\" src=\"http://192.168.0.8/community-php/images/mailing/images/logo.png\" style=\"width: 100px; height: 75px;\" /><br />\r\n					&nbsp;</td>\r\n				<td style=\"vertical-align: top; width: 100%;\">\r\n					<h2>\r\n						P. Simple</h2>\r\n					Esto es un mensaje de plantilla simple<br />\r\n					<br />\r\n					<a href=\"http://google.es\">Ir a google</a><br />\r\n					<a href=\"http://imagar.com\">http://imagar.com</a><br />\r\n					<br />\r\n					&nbsp;</td>\r\n			</tr>\r\n			<tr>\r\n				<td>\r\n					peeeeeeeeeeeeee</td>\r\n			</tr>\r\n		</tbody>\r\n	</table>\r\n</div>\r\n','','completed','16','',NULL,'2014-09-12 10:35:14','admin',1,1,0,0),(163,3,'dnoguera@imagar.com','Administrador Community','El asunto del mensaje','<div align=\"center\">\r\n	<table border=\"0\" cellpadding=\"10px\" cellspacing=\"10px\" style=\"background-color:#f0f0f0;\" width=\"600\">\r\n		<tbody>\r\n			<tr valign=\"top\">\r\n				<td rowspan=\"2\" width=\"194\">\r\n					<img alt=\"\" src=\"http://192.168.0.8/community-php/images/mailing/images/logo.png\" style=\"width: 100px; height: 75px;\" /><br />\r\n					&nbsp;</td>\r\n				<td style=\"vertical-align: top; width: 100%;\">\r\n					<h2>\r\n						P. Simple</h2>\r\n					Esto es un mensaje de plantilla simple<br />\r\n					<br />\r\n					<a href=\"http://google.es\">Ir a google</a><br />\r\n					<a href=\"http://imagar.com\">http://imagar.com</a><br />\r\n					<br />\r\n					Ahora tienes un descuento de <span style=\"font-size: 26px;\"><strong>10%</strong></span>, aprovechalo<br />\r\n					<br />\r\n					&nbsp;</td>\r\n			</tr>\r\n			<tr>\r\n				<td>\r\n					<span style=\"color: rgb(0, 153, 204);\">Te mantendremos informado de las promociones</span></td>\r\n			</tr>\r\n		</tbody>\r\n	</table>\r\n</div>\r\n','','completed','16','',NULL,'2014-09-12 12:28:06','admin',2,2,0,0);

/*Table structure for table `mailing_messages_files` */

DROP TABLE IF EXISTS `mailing_messages_files`;

CREATE TABLE `mailing_messages_files` (
  `id_file` int(11) unsigned NOT NULL AUTO_INCREMENT,
  `id_message` int(11) unsigned NOT NULL DEFAULT '0',
  `file_name` text,
  PRIMARY KEY (`id_file`)
) ENGINE=MyISAM DEFAULT CHARSET=latin1;

/*Data for the table `mailing_messages_files` */

/*Table structure for table `mailing_messages_links` */

DROP TABLE IF EXISTS `mailing_messages_links`;

CREATE TABLE `mailing_messages_links` (
  `id_link` int(11) unsigned NOT NULL AUTO_INCREMENT,
  `id_message` int(11) NOT NULL DEFAULT '0',
  `link_name` text NOT NULL,
  `url` text NOT NULL,
  `clicks` int(11) NOT NULL DEFAULT '0',
  PRIMARY KEY (`id_link`)
) ENGINE=MyISAM AUTO_INCREMENT=59 DEFAULT CHARSET=latin1;

/*Data for the table `mailing_messages_links` */

insert  into `mailing_messages_links`(`id_link`,`id_message`,`link_name`,`url`,`clicks`) values (1,138,'','http://css-tricks.com/',3),(2,149,'','http://www.css-tricks.com',0),(3,150,'','http://www.css-tricks.com',0),(4,150,'','Ir a la comunidad',0),(5,151,'','http://www.css-tricks.com',0),(6,151,'','http://localhost/community-php/?page=admin-template&id=3',0),(7,152,'','http://www.css-tricks.com',0),(8,152,'','http://localhost/community-php/?page=admin-template&id=3',0),(9,152,'','http://www.css-tricks.com',0),(10,152,'','http://localhost/community-php/?page=admin-template&id=3',0),(11,152,'','http://192.168.0.8/community-php/?page=unsuscribe&u=cgonzalez@imagar.com&ua=822478ef4949846cbc9088b45ced6d9d78a1c453',0),(12,152,'','http://www.css-tricks.com',0),(13,152,'','http://localhost/community-php/?page=admin-template&id=3',0),(14,152,'','http://www.css-tricks.com',0),(15,152,'','http://localhost/community-php/?page=admin-template&id=3',0),(16,152,'','http://192.168.0.8/community-php/?page=unsuscribe&u=dmarchante@imagar.com&ua=3fbb456567f6ae20c4302936940907cb17b8b648',0),(17,152,'','http://www.css-tricks.com',0),(18,152,'','http://localhost/community-php/?page=admin-template&id=3',0),(19,152,'','http://www.css-tricks.com',0),(20,152,'','http://localhost/community-php/?page=admin-template&id=3',0),(21,152,'','http://192.168.0.8/community-php/?page=unsuscribe&u=dnoguera@imagar.com&ua=98009c00b8450c056dde18db1ea59a13afd34af0',0),(22,152,'','http://www.css-tricks.com',0),(23,152,'','http://localhost/community-php/?page=admin-template&id=3',0),(24,152,'','http://www.css-tricks.com',0),(25,152,'','http://localhost/community-php/?page=admin-template&id=3',0),(26,152,'','http://192.168.0.8/community-php/?page=unsuscribe&u=odelgado@imagar.com&ua=1c391ec5c877caf727ec5f4e9f914e2d8b58012b',0),(27,152,'','http://www.css-tricks.com',0),(28,152,'','http://localhost/community-php/?page=admin-template&id=3',0),(29,152,'','http://www.css-tricks.com',0),(30,152,'','http://localhost/community-php/?page=admin-template&id=3',0),(31,152,'','http://192.168.0.8/community-php/?page=unsuscribe&u=pramos@imagar.com&ua=6ee442b8c3c3ec7a44e08afa4daf2700915b9fca',0),(32,152,'','http://www.css-tricks.com',0),(33,152,'','http://localhost/community-php/?page=admin-template&id=3',0),(34,152,'','http://www.css-tricks.com',0),(35,152,'','http://localhost/community-php/?page=admin-template&id=3',0),(36,152,'','http://192.168.0.8/community-php/?page=unsuscribe&u=shermida@imagar.com&ua=9db4fc9c2b1e9821708c9293382b9befc8ce7124',0),(37,153,'','http://www.css-tricks.com',0),(38,153,'','http://localhost/community-php/?page=admin-template&id=3',0),(39,154,'','http://www.css-tricks.com',0),(40,154,'','http://localhost/community-php/?page=admin-template&id=3',0),(41,155,'','http://www.css-tricks.com',0),(42,155,'','http://localhost/community-php/?page=admin-template&id=3',0),(43,156,'Ir a google','http://google.es',4),(44,156,'http://imagar.com','http://imagar.com',3),(45,157,'Ir a google','http://google.es',1),(46,157,'http://imagar.com','http://imagar.com',1),(47,158,'Ir a google','http://google.es',4),(48,158,'http://imagar.com','http://imagar.com',6),(49,159,'Ir a google','http://google.es',1),(50,159,'http://imagar.com','http://imagar.com',0),(51,160,'Ir a google','http://google.es',1),(52,160,'http://imagar.com','http://imagar.com',0),(53,161,'Ir a google','http://google.es',2),(54,161,'http://imagar.com','http://imagar.com',1),(55,162,'Ir a google','http://google.es',0),(56,162,'http://imagar.com','http://imagar.com',0),(57,163,'Ir a google','http://google.es',0),(58,163,'http://imagar.com','http://imagar.com',0);

/*Table structure for table `mailing_messages_links_users` */

DROP TABLE IF EXISTS `mailing_messages_links_users`;

CREATE TABLE `mailing_messages_links_users` (
  `id_link_user` int(11) unsigned NOT NULL AUTO_INCREMENT,
  `id_link` int(11) NOT NULL,
  `id_message` int(11) NOT NULL,
  `username` varchar(100) NOT NULL DEFAULT '',
  `username_email` varchar(250) NOT NULL DEFAULT '',
  `date_link` timestamp NOT NULL DEFAULT CURRENT_TIMESTAMP,
  PRIMARY KEY (`id_link_user`)
) ENGINE=MyISAM AUTO_INCREMENT=93 DEFAULT CHARSET=latin1;

/*Data for the table `mailing_messages_links_users` */

insert  into `mailing_messages_links_users`(`id_link_user`,`id_link`,`id_message`,`username`,`username_email`,`date_link`) values (1,1,0,'','pramos@imagar.com','2014-09-11 11:07:49'),(2,1,0,'','odelgado@imagar.com','2014-09-11 11:08:20'),(3,1,0,'','pramos@imagar.com','2014-09-11 11:08:38'),(4,834,0,'8943573','algo@imagar.com','2014-09-11 14:08:32'),(5,834,0,'8943573','algo@imagar.com','2014-09-11 14:08:32'),(6,834,0,'8943573','algo@imagar.com','2014-09-11 14:08:33'),(7,834,0,'8943573','algo@imagar.com','2014-09-11 14:08:33'),(8,834,0,'8943573','algo@imagar.com','2014-09-11 14:08:33'),(9,834,0,'8943573','algo@imagar.com','2014-09-11 14:08:33'),(10,834,0,'8943573','algo@imagar.com','2014-09-11 14:08:33'),(11,834,0,'8943573','algo@imagar.com','2014-09-11 14:08:33'),(12,834,0,'8943573','algo@imagar.com','2014-09-11 14:08:33'),(13,834,0,'8943573','algo@imagar.com','2014-09-11 14:08:33'),(14,834,0,'8943573','algo@imagar.com','2014-09-11 14:08:33'),(15,834,0,'8943573','algo@imagar.com','2014-09-11 14:08:33'),(16,834,0,'8943573','algo@imagar.com','2014-09-11 14:08:33'),(17,834,0,'8943573','algo@imagar.com','2014-09-11 14:08:33'),(18,834,0,'8943573','algo@imagar.com','2014-09-11 14:08:33'),(19,834,0,'8943573','algo@imagar.com','2014-09-11 14:08:33'),(20,834,0,'8943573','algo@imagar.com','2014-09-11 14:08:33'),(21,834,0,'8943573','algo@imagar.com','2014-09-11 14:08:33'),(22,834,0,'8943573','algo@imagar.com','2014-09-11 14:08:33'),(23,834,0,'8943573','algo@imagar.com','2014-09-11 14:08:33'),(24,834,0,'8943573','algo@imagar.com','2014-09-11 14:08:33'),(25,834,0,'8943573','algo@imagar.com','2014-09-11 14:09:18'),(26,834,0,'8943573','algo@imagar.com','2014-09-11 14:09:19'),(27,834,0,'8943573','algo@imagar.com','2014-09-11 14:09:19'),(28,834,0,'8943573','algo@imagar.com','2014-09-11 14:09:19'),(29,834,0,'8943573','algo@imagar.com','2014-09-11 14:09:19'),(30,834,0,'8943573','algo@imagar.com','2014-09-11 14:09:19'),(31,834,0,'8943573','algo@imagar.com','2014-09-11 14:09:19'),(32,834,0,'8943573','algo@imagar.com','2014-09-11 14:09:19'),(33,834,0,'8943573','algo@imagar.com','2014-09-11 14:09:19'),(34,834,0,'8943573','algo@imagar.com','2014-09-11 14:09:19'),(35,834,0,'8943573','algo@imagar.com','2014-09-11 14:09:19'),(36,834,0,'8943573','algo@imagar.com','2014-09-11 14:09:19'),(37,834,0,'8943573','algo@imagar.com','2014-09-11 14:09:19'),(38,834,0,'8943573','algo@imagar.com','2014-09-11 14:09:19'),(39,834,0,'8943573','algo@imagar.com','2014-09-11 14:09:19'),(40,834,0,'8943573','algo@imagar.com','2014-09-11 14:09:19'),(41,834,0,'8943573','algo@imagar.com','2014-09-11 14:09:19'),(42,834,0,'8943573','algo@imagar.com','2014-09-11 14:09:19'),(43,834,0,'8943573','algo@imagar.com','2014-09-11 14:09:19'),(44,834,0,'8943573','algo@imagar.com','2014-09-11 14:09:19'),(45,834,0,'8943573','algo@imagar.com','2014-09-11 14:09:19'),(46,834,0,'8943573','algo@imagar.com','2014-09-11 14:09:52'),(47,834,0,'8943573','algo@imagar.com','2014-09-11 14:12:33'),(48,834,0,'8943573','algo@imagar.com','2014-09-11 14:12:33'),(49,834,0,'8943573','algo@imagar.com','2014-09-11 14:12:33'),(50,834,0,'8943573','algo@imagar.com','2014-09-11 14:12:33'),(51,834,0,'8943573','algo@imagar.com','2014-09-11 14:12:33'),(52,834,0,'8943573','algo@imagar.com','2014-09-11 14:12:33'),(53,834,0,'8943573','algo@imagar.com','2014-09-11 14:12:34'),(54,834,0,'8943573','algo@imagar.com','2014-09-11 14:12:34'),(55,834,0,'8943573','algo@imagar.com','2014-09-11 14:12:34'),(56,834,0,'8943573','algo@imagar.com','2014-09-11 14:12:34'),(57,834,0,'8943573','algo@imagar.com','2014-09-11 14:12:34'),(58,834,0,'8943573','algo@imagar.com','2014-09-11 14:12:34'),(59,834,0,'8943573','algo@imagar.com','2014-09-11 14:12:34'),(60,834,0,'8943573','algo@imagar.com','2014-09-11 14:12:34'),(61,834,0,'8943573','algo@imagar.com','2014-09-11 14:12:34'),(62,834,0,'8943573','algo@imagar.com','2014-09-11 14:12:34'),(63,834,0,'8943573','algo@imagar.com','2014-09-11 14:12:34'),(64,834,0,'8943573','algo@imagar.com','2014-09-11 14:12:34'),(65,834,0,'8943573','algo@imagar.com','2014-09-11 14:12:34'),(66,834,0,'8943573','algo@imagar.com','2014-09-11 14:12:34'),(67,834,0,'8943573','algo@imagar.com','2014-09-11 14:12:34'),(68,834,0,'8943573','algo@imagar.com','2014-09-11 14:12:47'),(69,43,156,'','dnoguera@imagar.com','2014-09-11 16:31:23'),(70,44,156,'','dnoguera@imagar.com','2014-09-11 16:31:37'),(71,43,156,'','dnoguera@imagar.com','2014-09-11 16:31:40'),(72,44,156,'','dnoguera@imagar.com','2014-09-11 16:31:44'),(73,43,156,'','dnoguera@imagar.com','2014-09-11 16:31:46'),(74,44,156,'','dnoguera@imagar.com','2014-09-11 16:31:48'),(75,43,156,'','dnoguera@imagar.com','2014-09-11 16:32:12'),(76,45,157,'','dnoguera@imagar.com','2014-09-11 17:43:08'),(77,46,157,'','dnoguera@imagar.com','2014-09-11 17:43:27'),(78,47,158,'','dmarchante@imagar.com','2014-09-11 17:54:42'),(79,48,158,'','dmarchante@imagar.com','2014-09-11 17:54:48'),(80,48,158,'','pramos@imagar.com','2014-09-11 17:59:36'),(81,47,158,'','pramos@imagar.com','2014-09-11 18:00:03'),(82,48,158,'','dnoguera@imagar.com','2014-09-11 18:00:41'),(83,48,158,'','pramos@imagar.com','2014-09-11 18:00:56'),(84,47,158,'','shermida@imagar.com','2014-09-11 18:01:26'),(85,48,158,'','shermida@imagar.com','2014-09-11 18:01:30'),(86,48,158,'','odelgado@imagar.com','2014-09-12 08:36:53'),(87,47,158,'','odelgado@imagar.com','2014-09-12 08:37:15'),(88,49,159,'','dnoguera@imagar.com','2014-09-12 09:59:25'),(89,51,160,'','dnoguera@imagar.com','2014-09-12 10:15:44'),(90,53,161,'','dnoguera@imagar.com','2014-09-12 10:33:47'),(91,54,161,'','dnoguera@imagar.com','2014-09-12 10:33:54'),(92,53,161,'','dnoguera@imagar.com','2014-09-12 10:36:18');

/*Table structure for table `mailing_messages_users` */

DROP TABLE IF EXISTS `mailing_messages_users`;

CREATE TABLE `mailing_messages_users` (
  `id_message_user` int(11) unsigned NOT NULL AUTO_INCREMENT,
  `id_message` int(11) NOT NULL DEFAULT '0',
  `username_message` varchar(100) NOT NULL DEFAULT '',
  `email_message` varchar(250) NOT NULL DEFAULT '',
  `date_send` datetime DEFAULT NULL,
  `message_status` varchar(100) NOT NULL DEFAULT 'pending',
  `views` int(11) NOT NULL DEFAULT '0',
  PRIMARY KEY (`id_message_user`),
  KEY `id_message` (`id_message`),
  KEY `message_status` (`message_status`),
  KEY `username_message` (`username_message`)
) ENGINE=MyISAM AUTO_INCREMENT=867 DEFAULT CHARSET=latin1;

/*Data for the table `mailing_messages_users` */

insert  into `mailing_messages_users`(`id_message_user`,`id_message`,`username_message`,`email_message`,`date_send`,`message_status`,`views`) values (1,1,'admin','','2014-03-18 17:23:33','completed',0),(2,1,'creativo','','2014-03-18 17:23:28','completed',0),(3,2,'admin','',NULL,'pending',0),(4,2,'creativo','',NULL,'pending',0),(5,7,'admin','dnoguera@imagar.com',NULL,'black_list',4),(6,7,'creativo','dnoguera@imagar.com',NULL,'black_list',0),(7,7,'8943573','algo@imagar.com',NULL,'pending',11),(8,7,'34534555','dnoguera@kk.com',NULL,'pending',0),(9,7,'4455554','admin@kk.com',NULL,'pending',0),(10,7,'20266370S','dnoguera1@imagar1.com',NULL,'pending',0),(11,7,'20266370R','dnoguera@imagar1.com',NULL,'pending',0),(12,7,'20266370V','dnoguera@hotmail1.com',NULL,'pending',0),(13,7,'20266370X','dnoguera@gmail2.com',NULL,'pending',0),(14,7,'20266370Q','nogueradavid@hotmail3.com',NULL,'pending',0),(15,7,'20266370A','nogueradavid@hotmail2.com',NULL,'pending',0),(16,7,'20266370N','dnoguera@imagar.com',NULL,'black_list',0),(17,6,'20266370N','dnoguera@imagar.com','2014-03-21 09:51:44','failed',0),(18,8,'admin','dnoguera@imagar2.com','2014-03-23 13:00:31','failed',0),(19,8,'creativo','dnoguera@imagar3.com','2014-03-23 13:00:31','failed',0),(20,8,'8943573','algo@imagar1.com','2014-03-23 13:00:31','failed',0),(21,8,'34534555','dnoguera@kk.com','2014-03-23 13:00:31','failed',0),(22,8,'4455554','admin@kk.com','2014-03-23 13:01:12','failed',0),(23,8,'20266370S','dgarcia@imagar.com','2014-03-23 13:01:12','failed',0),(24,8,'20266370R','shermida@imagar.com','2014-03-23 13:01:12','failed',0),(25,8,'20266370V','pramos@imagar.com','2014-03-23 13:01:12','failed',0),(26,8,'20266370X','dnoguera@gmail2.com','2014-03-23 13:01:46','failed',0),(27,8,'20266370Q','nogueradavid@hotmail3.com','2014-03-23 13:01:46','failed',0),(28,8,'20266370A','nogueradavid@hotmail2.com','2014-03-23 13:01:46','failed',0),(29,8,'20266370N','dnoguera@imagar.com','2014-03-23 13:01:46','failed',0),(30,9,'admin','dnoguera@imagar.com','2014-03-21 12:59:35','black_list',0),(31,9,'creativo','dnoguera@imagar.com','2014-03-21 12:59:35','black_list',0),(32,9,'8943573','algo@imagar.com','2014-03-21 12:59:35','pending',0),(33,9,'34534555','dnoguera@kk.com','2014-03-21 12:59:35','pending',0),(34,9,'4455554','admin@kk.com','2014-03-21 12:59:40','pending',0),(35,9,'20266370S','dnoguera1@imagar1.com','2014-03-21 12:59:40','pending',0),(36,9,'20266370R','dnoguera@imagar1.com','2014-03-21 12:59:40','pending',0),(37,9,'20266370V','dnoguera@hotmail1.com','2014-03-21 12:59:40','pending',0),(38,9,'20266370X','dnoguera@gmail2.com','2014-03-21 12:59:45','pending',0),(39,9,'20266370Q','nogueradavid@hotmail3.com','2014-03-21 12:59:45','pending',0),(40,9,'20266370A','nogueradavid@hotmail2.com','2014-03-21 12:59:45','pending',0),(41,9,'20266370N','dnoguera@imagar.com','2014-03-21 12:59:46','black_list',0),(42,10,'admin','dnoguera@imagar.com','2014-03-24 12:55:48','failed',0),(43,10,'creativo','dnoguera@imagar.com','2014-03-24 12:55:48','failed',0),(44,10,'8943573','algo@imagar.com','2014-03-24 12:55:48','failed',0),(45,10,'34534555','dnoguera@kk.com','2014-03-24 12:55:48','failed',0),(46,10,'4455554','admin@kk.com','2014-03-24 12:55:52','failed',0),(47,10,'20266370S','dnoguera1@imagar1.com','2014-03-24 12:55:52','failed',0),(48,10,'20266370R','dnoguera@imagar1.com','2014-03-24 12:55:52','failed',0),(49,10,'20266370V','dnoguera@hotmail1.com','2014-03-24 12:55:52','failed',0),(50,10,'20266370X','dnoguera@gmail2.com','2014-03-24 12:57:46','failed',0),(51,10,'20266370Q','nogueradavid@hotmail3.com','2014-03-24 12:57:46','failed',0),(52,10,'20266370A','nogueradavid@hotmail2.com','2014-03-24 12:57:46','failed',0),(53,10,'20266370N','dnoguera@imagar.com','2014-03-24 12:57:46','failed',0),(54,11,'admin','dnoguera@imagar.com','2014-03-23 16:13:20','failed',0),(55,11,'creativo','dnoguera@imagar.com','2014-03-23 16:13:20','failed',0),(56,11,'8943573','algo@imagar.com','2014-03-23 16:13:20','failed',0),(57,11,'34534555','dnoguera@kk.com','2014-03-23 16:13:20','failed',0),(58,11,'4455554','admin@kk.com','2014-03-23 16:08:47','failed',0),(59,11,'20266370S','dnoguera1@imagar1.com','2014-03-23 16:08:47','failed',0),(60,11,'20266370R','dnoguera@imagar1.com','2014-03-23 16:08:47','failed',0),(61,11,'20266370V','dnoguera@hotmail1.com','2014-03-23 16:08:47','failed',0),(62,11,'20266370X','dnoguera@gmail2.com','2014-03-23 16:09:08','failed',0),(63,11,'20266370Q','nogueradavid@hotmail3.com','2014-03-23 16:09:08','failed',0),(64,11,'20266370A','nogueradavid@hotmail2.com','2014-03-23 16:09:08','failed',0),(65,11,'20266370N','dnoguera@imagar.com','2014-03-23 16:09:08','failed',0),(66,12,'admin','dnoguera@imagar.com','2014-03-23 16:25:27','failed',0),(67,12,'creativo','dnoguera@imagar.com','2014-03-23 16:25:27','failed',0),(68,12,'8943573','algo@imagar.com','2014-03-23 16:25:27','failed',0),(69,12,'34534555','dnoguera@kk.com','2014-03-23 16:25:27','failed',0),(70,12,'4455554','admin@kk.com','2014-03-23 16:24:38','failed',0),(71,12,'20266370S','dnoguera1@imagar1.com','2014-03-23 16:24:38','failed',0),(72,12,'20266370R','dnoguera@imagar1.com','2014-03-23 16:24:38','failed',0),(73,12,'20266370V','dnoguera@hotmail1.com','2014-03-23 16:24:38','failed',0),(74,12,'20266370X','dnoguera@gmail2.com','2014-03-23 16:25:24','failed',0),(75,12,'20266370Q','nogueradavid@hotmail3.com','2014-03-23 16:25:24','failed',0),(76,12,'20266370A','nogueradavid@hotmail2.com','2014-03-23 16:25:24','failed',0),(77,12,'20266370N','dnoguera@imagar.com','2014-03-23 16:25:24','failed',0),(78,13,'admin','dnoguera@imagar.com','2014-03-23 16:26:48','failed',0),(79,13,'creativo','dnoguera@imagar.com','2014-03-23 16:26:48','failed',0),(80,13,'8943573','algo@imagar.com','2014-03-23 16:26:48','failed',0),(81,13,'34534555','dnoguera@kk.com','2014-03-23 16:26:48','failed',0),(82,13,'4455554','admin@kk.com','2014-03-23 16:26:06','failed',0),(83,13,'20266370S','dnoguera1@imagar1.com','2014-03-23 16:26:06','failed',0),(84,13,'20266370R','dnoguera@imagar1.com','2014-03-23 16:26:06','failed',0),(85,13,'20266370V','dnoguera@hotmail1.com','2014-03-23 16:26:06','failed',0),(86,13,'20266370X','dnoguera@gmail2.com','2014-03-23 16:26:11','failed',0),(87,13,'20266370Q','nogueradavid@hotmail3.com','2014-03-23 16:26:11','failed',0),(88,13,'20266370A','nogueradavid@hotmail2.com','2014-03-23 16:26:11','failed',0),(89,13,'20266370N','dnoguera@imagar.com','2014-03-23 16:26:11','failed',0),(90,14,'admin','dnoguera@imagar.com','2014-03-23 16:27:07','failed',0),(91,14,'creativo','dnoguera@imagar.com','2014-03-23 16:27:07','failed',0),(92,14,'8943573','algo@imagar.com','2014-03-23 16:27:07','failed',0),(93,14,'34534555','dnoguera@kk.com','2014-03-23 16:27:07','failed',0),(94,14,'4455554','admin@kk.com','2014-03-23 16:27:17','failed',0),(95,14,'20266370S','dnoguera1@imagar1.com','2014-03-23 16:27:17','failed',0),(96,14,'20266370R','dnoguera@imagar1.com','2014-03-23 16:27:17','failed',0),(97,14,'20266370V','dnoguera@hotmail1.com','2014-03-23 16:27:17','failed',0),(98,14,'20266370X','dnoguera@gmail2.com','2014-03-23 16:27:22','failed',0),(99,14,'20266370Q','nogueradavid@hotmail3.com','2014-03-23 16:27:22','failed',0),(100,14,'20266370A','nogueradavid@hotmail2.com','2014-03-23 16:27:22','failed',0),(101,14,'20266370N','dnoguera@imagar.com','2014-03-23 16:27:22','failed',0),(102,15,'admin','dnoguera@imagar.com','2014-03-23 16:28:20','failed',0),(103,15,'creativo','dnoguera@imagar.com','2014-03-23 16:28:20','failed',0),(104,15,'8943573','algo@imagar.com','2014-03-23 16:28:20','failed',0),(105,15,'34534555','dnoguera@kk.com','2014-03-23 16:28:20','failed',0),(106,15,'4455554','admin@kk.com','2014-03-23 16:28:30','failed',0),(107,15,'20266370S','dnoguera1@imagar1.com','2014-03-23 16:28:30','failed',0),(108,15,'20266370R','dnoguera@imagar1.com','2014-03-23 16:28:30','failed',0),(109,15,'20266370V','dnoguera@hotmail1.com','2014-03-23 16:28:30','failed',0),(110,15,'20266370X','dnoguera@gmail2.com','2014-03-23 16:28:35','failed',0),(111,15,'20266370Q','nogueradavid@hotmail3.com','2014-03-23 16:28:35','failed',0),(112,15,'20266370A','nogueradavid@hotmail2.com','2014-03-23 16:28:35','failed',0),(113,15,'20266370N','dnoguera@imagar.com','2014-03-23 16:28:35','failed',0),(114,16,'admin','dnoguera@imagar.com','2014-03-23 16:29:46','failed',0),(115,16,'creativo','dnoguera@imagar.com','2014-03-23 16:29:46','failed',0),(116,16,'8943573','algo@imagar.com','2014-03-23 16:29:46','failed',0),(117,16,'34534555','dnoguera@kk.com','2014-03-23 16:29:46','failed',0),(118,16,'4455554','admin@kk.com','2014-03-23 16:29:56','failed',0),(119,16,'20266370S','dnoguera1@imagar1.com','2014-03-23 16:29:56','failed',0),(120,16,'20266370R','dnoguera@imagar1.com','2014-03-23 16:29:56','failed',0),(121,16,'20266370V','dnoguera@hotmail1.com','2014-03-23 16:29:56','failed',0),(122,16,'20266370X','dnoguera@gmail2.com','2014-03-23 16:30:01','failed',0),(123,16,'20266370Q','nogueradavid@hotmail3.com','2014-03-23 16:30:01','failed',0),(124,16,'20266370A','nogueradavid@hotmail2.com','2014-03-23 16:30:01','failed',0),(125,16,'20266370N','dnoguera@imagar.com','2014-03-23 16:30:01','failed',0),(126,17,'admin','dnoguera@imagar.com','2014-03-23 16:30:50','failed',0),(127,17,'creativo','dnoguera@imagar.com','2014-03-23 16:30:50','failed',0),(128,17,'8943573','algo@imagar.com','2014-03-23 16:30:50','failed',0),(129,17,'34534555','dnoguera@kk.com','2014-03-23 16:30:50','failed',0),(130,17,'4455554','admin@kk.com','2014-03-23 16:31:00','failed',0),(131,17,'20266370S','dnoguera1@imagar1.com','2014-03-23 16:31:00','failed',0),(132,17,'20266370R','dnoguera@imagar1.com','2014-03-23 16:31:00','failed',0),(133,17,'20266370V','dnoguera@hotmail1.com','2014-03-23 16:31:00','failed',0),(134,17,'20266370X','dnoguera@gmail2.com','2014-03-23 16:31:05','failed',0),(135,17,'20266370Q','nogueradavid@hotmail3.com','2014-03-23 16:31:05','failed',0),(136,17,'20266370A','nogueradavid@hotmail2.com','2014-03-23 16:31:05','failed',0),(137,17,'20266370N','dnoguera@imagar.com','2014-03-23 16:31:05','failed',0),(138,18,'admin','dnoguera@imagar.com','2014-03-23 16:41:16','failed',0),(139,18,'creativo','dnoguera@imagar.com','2014-03-23 16:41:16','failed',0),(140,18,'8943573','algo@imagar.com','2014-03-23 16:41:16','failed',0),(141,18,'34534555','dnoguera@kk.com','2014-03-23 16:41:16','failed',0),(142,18,'4455554','admin@kk.com','2014-03-23 16:33:02','failed',0),(143,18,'20266370S','dnoguera1@imagar1.com','2014-03-23 16:33:03','failed',0),(144,18,'20266370R','dnoguera@imagar1.com','2014-03-23 16:33:03','failed',0),(145,18,'20266370V','dnoguera@hotmail1.com','2014-03-23 16:33:03','failed',0),(146,18,'20266370X','dnoguera@gmail2.com','2014-03-23 16:33:07','failed',0),(147,18,'20266370Q','nogueradavid@hotmail3.com','2014-03-23 16:33:08','failed',0),(148,18,'20266370A','nogueradavid@hotmail2.com','2014-03-23 16:33:08','failed',0),(149,18,'20266370N','dnoguera@imagar.com','2014-03-23 16:33:08','failed',0),(150,19,'admin','dnoguera@imagar.com','2014-03-23 16:41:35','failed',0),(151,19,'creativo','dnoguera@imagar.com','2014-03-23 16:41:35','failed',0),(152,19,'8943573','algo@imagar.com','2014-03-23 16:41:35','failed',0),(153,19,'34534555','dnoguera@kk.com','2014-03-23 16:41:35','failed',0),(154,19,'4455554','admin@kk.com','2014-03-23 16:41:45','failed',0),(155,19,'20266370S','dnoguera1@imagar1.com','2014-03-23 16:41:45','failed',0),(156,19,'20266370R','dnoguera@imagar1.com','2014-03-23 16:41:45','failed',0),(157,19,'20266370V','dnoguera@hotmail1.com','2014-03-23 16:41:45','failed',0),(158,19,'20266370X','dnoguera@gmail2.com','2014-03-23 16:41:50','failed',0),(159,19,'20266370Q','nogueradavid@hotmail3.com','2014-03-23 16:41:50','failed',0),(160,19,'20266370A','nogueradavid@hotmail2.com','2014-03-23 16:41:50','failed',0),(161,19,'20266370N','dnoguera@imagar.com','2014-03-23 16:41:50','failed',0),(162,20,'admin','dnoguera@imagar.com','2014-03-23 16:45:58','failed',0),(163,20,'creativo','dnoguera@imagar.com','2014-03-23 16:45:58','failed',0),(164,20,'8943573','algo@imagar.com','2014-03-23 16:45:58','failed',0),(165,20,'34534555','dnoguera@kk.com','2014-03-23 16:45:58','failed',0),(166,20,'4455554','admin@kk.com','2014-03-23 16:46:08','failed',0),(167,20,'20266370S','dnoguera1@imagar1.com','2014-03-23 16:46:08','failed',0),(168,20,'20266370R','dnoguera@imagar1.com','2014-03-23 16:46:08','failed',0),(169,20,'20266370V','dnoguera@hotmail1.com','2014-03-23 16:46:08','failed',0),(170,20,'20266370X','dnoguera@gmail2.com','2014-03-23 16:46:13','failed',0),(171,20,'20266370Q','nogueradavid@hotmail3.com','2014-03-23 16:46:13','failed',0),(172,20,'20266370A','nogueradavid@hotmail2.com','2014-03-23 16:46:13','failed',0),(173,20,'20266370N','dnoguera@imagar.com','2014-03-23 16:46:13','failed',0),(174,21,'admin','dnoguera@imagar.com','2014-03-23 17:02:28','failed',0),(175,21,'creativo','dnoguera@imagar.com','2014-03-23 17:02:28','failed',0),(176,21,'8943573','algo@imagar.com','2014-03-23 17:02:28','failed',0),(177,21,'34534555','dnoguera@kk.com','2014-03-23 17:02:28','failed',0),(178,21,'4455554','admin@kk.com','2014-03-23 17:10:40','failed',0),(179,21,'20266370S','dnoguera1@imagar1.com','2014-03-23 17:10:40','failed',0),(180,21,'20266370R','dnoguera@imagar1.com','2014-03-23 17:10:40','failed',0),(181,21,'20266370V','dnoguera@hotmail1.com','2014-03-23 17:10:40','failed',0),(182,21,'20266370X','dnoguera@gmail2.com','2014-03-23 16:53:50','failed',0),(183,21,'20266370Q','nogueradavid@hotmail3.com','2014-03-23 16:53:50','failed',0),(184,21,'20266370A','nogueradavid@hotmail2.com','2014-03-23 16:53:50','failed',0),(185,21,'20266370N','dnoguera@imagar.com','2014-03-23 16:53:50','failed',0),(186,22,'admin','dnoguera@imagar.com','2014-03-23 17:32:36','black_list',0),(187,22,'creativo','dnoguera@imagar.com','2014-03-23 17:32:36','black_list',0),(188,22,'8943573','algo@imagar.com','2014-03-23 17:32:37','pending',0),(189,22,'34534555','dnoguera@kk.com','2014-03-23 17:32:37','pending',0),(190,22,'4455554','admin@kk.com','2014-03-23 17:30:37','pending',0),(191,22,'20266370S','dnoguera1@imagar1.com','2014-03-23 17:30:37','pending',0),(192,22,'20266370R','dnoguera@imagar1.com','2014-03-23 17:30:37','pending',0),(193,22,'20266370V','dnoguera@hotmail1.com','2014-03-23 17:30:37','pending',0),(194,22,'20266370X','dnoguera@gmail2.com','2014-03-23 17:31:21','pending',0),(195,22,'20266370Q','nogueradavid@hotmail3.com','2014-03-23 17:31:21','pending',0),(196,22,'20266370A','nogueradavid@hotmail2.com','2014-03-23 17:31:21','pending',0),(197,22,'20266370N','dnoguera@imagar.com','2014-03-23 17:31:21','black_list',0),(198,23,'admin','dnoguera@imagar.com','2014-03-23 17:18:51','failed',0),(199,23,'creativo','dnoguera@imagar.com','2014-03-23 17:18:51','failed',0),(200,23,'8943573','algo@imagar.com','2014-03-23 17:18:51','failed',0),(201,23,'34534555','dnoguera@kk.com','2014-03-23 17:18:51','failed',0),(202,23,'4455554','admin@kk.com','2014-03-23 17:18:56','failed',0),(203,23,'20266370S','dnoguera1@imagar1.com','2014-03-23 17:18:56','failed',0),(204,23,'20266370R','dnoguera@imagar1.com','2014-03-23 17:18:56','failed',0),(205,23,'20266370V','dnoguera@hotmail1.com','2014-03-23 17:18:56','failed',0),(206,23,'20266370X','dnoguera@gmail2.com',NULL,'pending',0),(207,23,'20266370Q','nogueradavid@hotmail3.com',NULL,'pending',0),(208,23,'20266370A','nogueradavid@hotmail2.com',NULL,'pending',0),(209,23,'20266370N','dnoguera@imagar.com',NULL,'black_list',0),(210,24,'admin','dnoguera@imagar.com','2014-03-23 17:20:24','failed',0),(211,24,'creativo','dnoguera@imagar.com','2014-03-23 17:20:24','failed',0),(212,24,'8943573','algo@imagar.com','2014-03-23 17:20:24','failed',0),(213,24,'34534555','dnoguera@kk.com','2014-03-23 17:20:24','failed',0),(214,24,'4455554','admin@kk.com','2014-03-23 17:20:29','failed',0),(215,24,'20266370S','dnoguera1@imagar1.com','2014-03-23 17:20:29','failed',0),(216,24,'20266370R','dnoguera@imagar1.com','2014-03-23 17:20:29','failed',0),(217,24,'20266370V','dnoguera@hotmail1.com','2014-03-23 17:20:29','failed',0),(218,24,'20266370X','dnoguera@gmail2.com',NULL,'pending',0),(219,24,'20266370Q','nogueradavid@hotmail3.com',NULL,'pending',0),(220,24,'20266370A','nogueradavid@hotmail2.com',NULL,'pending',0),(221,24,'20266370N','dnoguera@imagar.com',NULL,'black_list',0),(222,25,'admin','dnoguera@imagar.com',NULL,'black_list',0),(223,25,'creativo','dnoguera@imagar.com',NULL,'black_list',0),(224,25,'8943573','algo@imagar.com',NULL,'pending',0),(225,25,'34534555','dnoguera@kk.com',NULL,'pending',0),(226,25,'4455554','admin@kk.com',NULL,'pending',0),(227,25,'20266370S','dnoguera1@imagar1.com',NULL,'pending',0),(228,25,'20266370R','dnoguera@imagar1.com',NULL,'pending',0),(229,25,'20266370V','dnoguera@hotmail1.com',NULL,'pending',0),(230,25,'20266370X','dnoguera@gmail2.com',NULL,'pending',0),(231,25,'20266370Q','nogueradavid@hotmail3.com',NULL,'pending',0),(232,25,'20266370A','nogueradavid@hotmail2.com',NULL,'pending',0),(233,25,'20266370N','dnoguera@imagar.com',NULL,'black_list',0),(234,26,'admin','dnoguera@imagar.com','2014-03-24 17:36:09','failed',0),(235,26,'creativo','dnoguera@imagar.com','2014-03-24 17:36:09','failed',0),(236,26,'8943573','algo@imagar.com','2014-03-24 17:36:09','failed',0),(237,26,'34534555','dnoguera@kk.com','2014-03-24 17:36:09','failed',0),(238,26,'4455554','admin@kk.com','2014-03-24 17:36:16','failed',0),(239,26,'20266370S','dnoguera1@imagar1.com','2014-03-24 17:36:16','failed',0),(240,26,'20266370R','dnoguera@imagar1.com','2014-03-24 17:36:16','failed',0),(241,26,'20266370V','dnoguera@hotmail1.com','2014-03-24 17:36:16','failed',0),(242,26,'20266370X','dnoguera@gmail2.com','2014-03-24 17:33:52','failed',0),(243,26,'20266370Q','nogueradavid@hotmail3.com','2014-03-24 17:33:52','failed',0),(244,26,'20266370A','nogueradavid@hotmail2.com','2014-03-24 17:33:53','failed',0),(245,26,'20266370N','dnoguera@imagar.com','2014-03-24 17:33:53','failed',0),(246,27,'admin','dnoguera@imagar.com','2014-03-24 17:33:14','failed',0),(247,27,'creativo','dnoguera@imagar.com','2014-03-24 17:33:14','failed',0),(248,27,'8943573','algo@imagar.com','2014-03-24 17:33:14','failed',0),(249,27,'34534555','dnoguera@kk.com','2014-03-24 17:33:14','failed',0),(250,27,'4455554','admin@kk.com','2014-03-24 17:33:00','failed',0),(251,27,'20266370S','dnoguera1@imagar1.com','2014-03-24 17:33:01','failed',0),(252,27,'20266370R','dnoguera@imagar1.com','2014-03-24 17:33:01','failed',0),(253,27,'20266370V','dnoguera@hotmail1.com','2014-03-24 17:33:01','failed',0),(254,27,'20266370X','dnoguera@gmail2.com','2014-03-24 17:33:05','failed',0),(255,27,'20266370Q','nogueradavid@hotmail3.com','2014-03-24 17:33:06','failed',0),(256,27,'20266370A','nogueradavid@hotmail2.com','2014-03-24 17:33:06','failed',0),(257,27,'20266370N','dnoguera@imagar.com','2014-03-24 17:33:06','failed',0),(258,28,'admin','dnoguera@imagar.com',NULL,'black_list',0),(259,28,'creativo','dnoguera@imagar.com',NULL,'black_list',0),(260,28,'8943573','algo@imagar.com',NULL,'pending',0),(261,28,'34534555','dnoguera@kk.com',NULL,'pending',0),(262,28,'4455554','admin@kk.com',NULL,'pending',0),(263,28,'20266370S','dnoguera1@imagar1.com',NULL,'pending',0),(264,28,'20266370R','dnoguera@imagar1.com',NULL,'pending',0),(265,28,'20266370V','dnoguera@hotmail1.com',NULL,'pending',0),(266,28,'20266370X','dnoguera@gmail2.com',NULL,'pending',0),(267,28,'20266370Q','nogueradavid@hotmail3.com',NULL,'pending',0),(268,28,'20266370A','nogueradavid@hotmail2.com',NULL,'pending',0),(269,28,'20266370N','dnoguera@imagar.com',NULL,'black_list',0),(270,29,'admin','dnoguera@imagar.com',NULL,'black_list',0),(271,29,'creativo','dnoguera@imagar.com',NULL,'black_list',0),(272,29,'8943573','algo@imagar.com',NULL,'pending',0),(273,29,'34534555','dnoguera@kk.com',NULL,'pending',0),(274,29,'4455554','admin@kk.com',NULL,'pending',0),(275,29,'20266370S','dnoguera1@imagar1.com',NULL,'pending',0),(276,29,'20266370R','dnoguera@imagar1.com',NULL,'pending',0),(277,29,'20266370V','dnoguera@hotmail1.com',NULL,'pending',0),(278,29,'20266370X','dnoguera@gmail2.com',NULL,'pending',0),(279,29,'20266370Q','nogueradavid@hotmail3.com',NULL,'pending',0),(280,29,'20266370A','nogueradavid@hotmail2.com',NULL,'pending',0),(281,29,'20266370N','dnoguera@imagar.com',NULL,'black_list',0),(282,30,'admin','dnoguera@imagar.com',NULL,'black_list',0),(283,30,'creativo','dnoguera@imagar.com',NULL,'black_list',0),(284,30,'8943573','algo@imagar.com',NULL,'pending',0),(285,30,'34534555','dnoguera@kk.com',NULL,'pending',0),(286,30,'4455554','admin@kk.com',NULL,'pending',0),(287,30,'20266370S','dnoguera1@imagar1.com',NULL,'pending',0),(288,30,'20266370R','dnoguera@imagar1.com',NULL,'pending',0),(289,30,'20266370V','dnoguera@hotmail1.com',NULL,'pending',0),(290,30,'20266370X','dnoguera@gmail2.com',NULL,'pending',0),(291,30,'20266370Q','nogueradavid@hotmail3.com',NULL,'pending',0),(292,30,'20266370A','nogueradavid@hotmail2.com',NULL,'pending',0),(293,30,'20266370N','dnoguera@imagar.com',NULL,'black_list',0),(294,31,'admin','dnoguera@imagar.com',NULL,'black_list',0),(295,31,'creativo','dnoguera@imagar.com',NULL,'black_list',0),(296,31,'8943573','algo@imagar.com',NULL,'pending',0),(297,31,'34534555','dnoguera@kk.com',NULL,'pending',0),(298,31,'4455554','admin@kk.com',NULL,'pending',0),(299,31,'20266370S','dnoguera1@imagar1.com',NULL,'pending',0),(300,31,'20266370R','dnoguera@imagar1.com',NULL,'pending',0),(301,31,'20266370V','dnoguera@hotmail1.com',NULL,'pending',0),(302,31,'20266370X','dnoguera@gmail2.com',NULL,'pending',0),(303,31,'20266370Q','nogueradavid@hotmail3.com',NULL,'pending',0),(304,31,'20266370A','nogueradavid@hotmail2.com',NULL,'pending',0),(305,31,'20266370N','dnoguera@imagar.com',NULL,'black_list',0),(306,32,'admin','dnoguera@imagar.com',NULL,'black_list',0),(307,32,'creativo','dnoguera@imagar.com',NULL,'black_list',0),(308,32,'8943573','algo@imagar.com',NULL,'pending',0),(309,32,'34534555','dnoguera@kk.com',NULL,'pending',0),(310,32,'4455554','admin@kk.com',NULL,'pending',0),(311,32,'20266370S','dnoguera1@imagar1.com',NULL,'pending',0),(312,32,'20266370R','dnoguera@imagar1.com',NULL,'pending',0),(313,32,'20266370V','dnoguera@hotmail1.com',NULL,'pending',0),(314,32,'20266370X','dnoguera@gmail2.com',NULL,'pending',0),(315,32,'20266370Q','nogueradavid@hotmail3.com',NULL,'pending',0),(316,32,'20266370A','nogueradavid@hotmail2.com',NULL,'pending',0),(317,32,'20266370N','dnoguera@imagar.com',NULL,'black_list',0),(318,33,'admin','dnoguera@imagar.com',NULL,'black_list',0),(319,33,'creativo','dnoguera@imagar.com',NULL,'black_list',0),(320,33,'8943573','algo@imagar.com',NULL,'pending',0),(321,33,'34534555','dnoguera@kk.com',NULL,'pending',0),(322,33,'4455554','admin@kk.com',NULL,'pending',0),(323,33,'20266370S','dnoguera1@imagar1.com',NULL,'pending',0),(324,33,'20266370R','dnoguera@imagar1.com',NULL,'pending',0),(325,33,'20266370V','dnoguera@hotmail1.com',NULL,'pending',0),(326,33,'20266370X','dnoguera@gmail2.com',NULL,'pending',0),(327,33,'20266370Q','nogueradavid@hotmail3.com',NULL,'pending',0),(328,33,'20266370A','nogueradavid@hotmail2.com',NULL,'pending',0),(329,33,'20266370N','dnoguera@imagar.com',NULL,'black_list',0),(330,34,'admin','dnoguera@imagar.com',NULL,'black_list',0),(331,34,'creativo','dnoguera@imagar.com',NULL,'black_list',0),(332,34,'8943573','algo@imagar.com',NULL,'pending',0),(333,34,'34534555','dnoguera@kk.com',NULL,'pending',0),(334,34,'4455554','admin@kk.com',NULL,'pending',0),(335,34,'20266370S','dnoguera1@imagar1.com',NULL,'pending',0),(336,34,'20266370R','dnoguera@imagar1.com',NULL,'pending',0),(337,34,'20266370V','dnoguera@hotmail1.com',NULL,'pending',0),(338,34,'20266370X','dnoguera@gmail2.com',NULL,'pending',0),(339,34,'20266370Q','nogueradavid@hotmail3.com',NULL,'pending',0),(340,34,'20266370A','nogueradavid@hotmail2.com',NULL,'pending',0),(341,34,'20266370N','dnoguera@imagar.com',NULL,'black_list',0),(342,35,'admin','dnoguera@imagar.com',NULL,'black_list',0),(343,35,'creativo','dnoguera@imagar.com',NULL,'black_list',0),(344,35,'8943573','algo@imagar.com',NULL,'pending',0),(345,35,'34534555','dnoguera@kk.com',NULL,'pending',0),(346,35,'4455554','admin@kk.com',NULL,'pending',0),(347,35,'20266370S','dnoguera1@imagar1.com',NULL,'pending',0),(348,35,'20266370R','dnoguera@imagar1.com',NULL,'pending',0),(349,35,'20266370V','dnoguera@hotmail1.com',NULL,'pending',0),(350,35,'20266370X','dnoguera@gmail2.com',NULL,'pending',0),(351,35,'20266370Q','nogueradavid@hotmail3.com',NULL,'pending',0),(352,35,'20266370A','nogueradavid@hotmail2.com',NULL,'pending',0),(353,35,'20266370N','dnoguera@imagar.com',NULL,'black_list',0),(354,36,'admin','dnoguera@imagar.com',NULL,'black_list',0),(355,36,'creativo','dnoguera@imagar.com',NULL,'black_list',0),(356,36,'8943573','algo@imagar.com',NULL,'pending',0),(357,36,'34534555','dnoguera@kk.com',NULL,'pending',0),(358,36,'4455554','admin@kk.com',NULL,'pending',0),(359,36,'20266370S','dnoguera1@imagar1.com',NULL,'pending',0),(360,36,'20266370R','dnoguera@imagar1.com',NULL,'pending',0),(361,36,'20266370V','dnoguera@hotmail1.com',NULL,'pending',0),(362,36,'20266370X','dnoguera@gmail2.com',NULL,'pending',0),(363,36,'20266370Q','nogueradavid@hotmail3.com',NULL,'pending',0),(364,36,'20266370A','nogueradavid@hotmail2.com',NULL,'pending',0),(365,36,'20266370N','dnoguera@imagar.com',NULL,'black_list',0),(366,37,'admin','dnoguera@imagar.com',NULL,'black_list',0),(367,37,'creativo','dnoguera@imagar.com',NULL,'black_list',0),(368,37,'8943573','algo@imagar.com',NULL,'pending',0),(369,37,'34534555','dnoguera@kk.com',NULL,'pending',0),(370,37,'4455554','admin@kk.com',NULL,'pending',0),(371,37,'20266370S','dnoguera1@imagar1.com',NULL,'pending',0),(372,37,'20266370R','dnoguera@imagar1.com',NULL,'pending',0),(373,37,'20266370V','dnoguera@hotmail1.com',NULL,'pending',0),(374,37,'20266370X','dnoguera@gmail2.com',NULL,'pending',0),(375,37,'20266370Q','nogueradavid@hotmail3.com',NULL,'pending',0),(376,37,'20266370A','nogueradavid@hotmail2.com',NULL,'pending',0),(377,37,'20266370N','dnoguera@imagar.com',NULL,'black_list',0),(378,38,'admin','dnoguera@imagar.com',NULL,'black_list',0),(379,38,'creativo','dnoguera@imagar.com',NULL,'black_list',0),(380,38,'8943573','algo@imagar.com',NULL,'pending',0),(381,38,'34534555','dnoguera@kk.com',NULL,'pending',0),(382,38,'4455554','admin@kk.com',NULL,'pending',0),(383,38,'20266370S','dnoguera1@imagar1.com',NULL,'pending',0),(384,38,'20266370R','dnoguera@imagar1.com',NULL,'pending',0),(385,38,'20266370V','dnoguera@hotmail1.com',NULL,'pending',0),(386,38,'20266370X','dnoguera@gmail2.com',NULL,'pending',0),(387,38,'20266370Q','nogueradavid@hotmail3.com',NULL,'pending',0),(388,38,'20266370A','nogueradavid@hotmail2.com',NULL,'pending',0),(389,38,'20266370N','dnoguera@imagar.com',NULL,'black_list',0),(390,39,'admin','dnoguera@imagar.com',NULL,'black_list',0),(391,39,'creativo','dnoguera@imagar.com',NULL,'black_list',0),(392,39,'8943573','algo@imagar.com',NULL,'pending',0),(393,39,'34534555','dnoguera@kk.com',NULL,'pending',0),(394,39,'4455554','admin@kk.com',NULL,'pending',0),(395,39,'20266370S','dnoguera1@imagar1.com',NULL,'pending',0),(396,39,'20266370R','dnoguera@imagar1.com',NULL,'pending',0),(397,39,'20266370V','dnoguera@hotmail1.com',NULL,'pending',0),(398,39,'20266370X','dnoguera@gmail2.com',NULL,'pending',0),(399,39,'20266370Q','nogueradavid@hotmail3.com',NULL,'pending',0),(400,39,'20266370A','nogueradavid@hotmail2.com',NULL,'pending',0),(401,39,'20266370N','dnoguera@imagar.com',NULL,'black_list',0),(402,40,'20266370V','dnoguera@hotmail1.com',NULL,'pending',0),(403,40,'20266370A','nogueradavid@hotmail2.com',NULL,'pending',0),(404,41,'20266370X','dnoguera@gmail2.com','2014-03-25 09:22:34','failed',0),(405,42,'creativo','dnoguera@imagar.com','2014-03-24 16:37:00','failed',0),(406,42,'8943573','algo@imagar.com','2014-03-24 16:37:00','failed',0),(407,42,'34534555','dnoguera@kk.com','2014-03-24 16:37:00','failed',0),(408,42,'4455554','admin@kk.com','2014-03-24 16:37:00','failed',0),(409,42,'20266370S','dnoguera1@imagar1.com','2014-03-24 16:37:10','failed',0),(410,42,'20266370R','dnoguera@imagar1.com','2014-03-24 16:37:10','failed',0),(411,42,'20266370Q','nogueradavid@hotmail3.com','2014-03-24 16:37:10','failed',0),(412,42,'20266370N','dnoguera@imagar.com','2014-03-24 16:37:10','failed',0),(413,43,'admin','dnoguera@imagar.com','2014-03-24 17:29:02','failed',0),(414,43,'creativo','dnoguera@imagar.com','2014-03-24 17:29:02','failed',0),(415,44,'admin','dnoguera@imagar.com','2014-03-25 09:23:11','failed',0),(416,44,'creativo','dnoguera@imagar.com','2014-03-25 09:23:11','failed',0),(417,44,'8943573','algo@imagar.com','2014-03-25 09:23:11','failed',0),(418,44,'34534555','dnoguera@kk.com','2014-03-25 09:23:11','failed',0),(419,44,'4455554','admin@kk.com','2014-03-25 09:23:16','failed',0),(420,44,'20266370S','dnoguera1@imagar1.com','2014-03-25 09:23:16','failed',0),(421,44,'20266370R','dnoguera@imagar1.com','2014-03-25 09:23:16','failed',0),(422,44,'20266370V','dnoguera@hotmail1.com','2014-03-25 09:23:16','failed',0),(423,44,'20266370X','dnoguera@gmail2.com','2014-03-25 09:23:21','failed',0),(424,44,'20266370Q','nogueradavid@hotmail3.com','2014-03-25 09:23:21','failed',0),(425,44,'20266370A','nogueradavid@hotmail2.com','2014-03-25 09:23:21','failed',0),(426,44,'20266370N','dnoguera@imagar.com','2014-03-25 09:23:21','failed',0),(427,45,'admin','dnoguera@imagar.com',NULL,'black_list',0),(428,45,'creativo','dnoguera@imagar.com',NULL,'black_list',0),(429,45,'8943573','algo@imagar.com',NULL,'pending',0),(430,45,'34534555','dnoguera@kk.com',NULL,'pending',0),(431,45,'4455554','admin@kk.com',NULL,'pending',0),(432,45,'20266370S','dnoguera1@imagar1.com',NULL,'pending',0),(433,45,'20266370R','dnoguera@imagar1.com',NULL,'pending',0),(434,45,'20266370V','dnoguera@hotmail1.com',NULL,'pending',0),(435,45,'20266370X','dnoguera@gmail2.com',NULL,'pending',0),(436,45,'20266370Q','nogueradavid@hotmail3.com',NULL,'pending',0),(437,45,'20266370A','nogueradavid@hotmail2.com',NULL,'pending',0),(438,45,'20266370N','dnoguera@imagar.com',NULL,'black_list',0),(439,46,'admin','dnoguera@imagar.com','2014-03-26 11:54:40','failed',0),(440,46,'creativo','dnoguera@imagar.com','2014-03-26 11:54:40','failed',0),(441,46,'8943573','algo@imagar.com','2014-03-26 11:54:40','failed',0),(442,46,'34534555','dnoguera@kk.com','2014-03-26 11:54:40','failed',0),(443,46,'4455554','admin@kk.com','2014-03-26 11:54:45','failed',0),(444,46,'20266370S','dnoguera1@imagar1.com','2014-03-26 11:54:45','failed',0),(445,46,'20266370R','dnoguera@imagar1.com','2014-03-26 11:54:45','failed',0),(446,46,'20266370V','dnoguera@hotmail1.com','2014-03-26 11:54:45','failed',0),(447,46,'20266370X','dnoguera@gmail2.com','2014-03-26 11:54:50','failed',0),(448,46,'20266370Q','nogueradavid@hotmail3.com','2014-03-26 11:54:50','failed',0),(449,46,'20266370A','nogueradavid@hotmail2.com','2014-03-26 11:54:50','failed',0),(450,46,'20266370I','dnoguera@imagar.com','2014-03-26 11:54:50','failed',0),(451,46,'20266370N','dnoguera@imagar.com','2014-03-26 11:54:55','failed',0),(452,46,'responsable1','dnoguera@imagar.com','2014-03-26 11:54:55','failed',0),(453,46,'responsable2','dnoguera@imagar.com','2014-03-26 11:54:55','failed',0),(454,47,'creativo','dnoguera@imagar.com',NULL,'black_list',0),(455,47,'8943573','algo@imagar.com',NULL,'pending',0),(456,47,'34534555','dnoguera@kk.com',NULL,'pending',0),(457,47,'4455554','admin@kk.com',NULL,'pending',0),(458,47,'20266370S','dnoguera1@imagar1.com',NULL,'pending',0),(459,47,'20266370R','dnoguera@imagar1.com',NULL,'pending',0),(460,47,'20266370Q','nogueradavid@hotmail3.com',NULL,'pending',0),(461,47,'20266370I','dnoguera@imagar.com',NULL,'black_list',0),(462,47,'20266370N','dnoguera@imagar.com',NULL,'black_list',0),(463,48,'admin','dnoguera@imagar.com',NULL,'black_list',0),(464,48,'creativo','dnoguera@imagar.com',NULL,'black_list',0),(465,49,'admin','dnoguera@imagar.com',NULL,'black_list',0),(466,49,'creativo','dnoguera@imagar.com',NULL,'black_list',0),(467,50,'admin','dnoguera@imagar.com',NULL,'black_list',0),(468,50,'creativo','dnoguera@imagar.com',NULL,'black_list',0),(469,51,'admin','dnoguera@imagar.com',NULL,'black_list',0),(470,51,'creativo','dnoguera@imagar.com',NULL,'black_list',0),(471,57,'admin','dnoguera@imagar.com',NULL,'black_list',0),(472,57,'creativo','dnoguera@imagar.com',NULL,'black_list',0),(473,57,'8943573','algo@imagar.com',NULL,'pending',0),(474,57,'34534555','dnoguera@kk.com',NULL,'pending',0),(475,57,'4455554','admin@kk.com',NULL,'pending',0),(476,57,'20266370S','dnoguera1@imagar1.com',NULL,'pending',0),(477,57,'20266370R','dnoguera@imagar1.com',NULL,'pending',0),(478,57,'20266370V','dnoguera@hotmail1.com',NULL,'pending',0),(479,57,'20266370X','dnoguera@gmail2.com',NULL,'pending',0),(480,57,'20266370Q','nogueradavid@hotmail3.com',NULL,'pending',0),(481,57,'20266370A','nogueradavid@hotmail2.com',NULL,'pending',0),(482,57,'20266370I','dnoguera@imagar.com',NULL,'black_list',0),(483,57,'20266370N','dnoguera@imagar.com',NULL,'black_list',0),(484,57,'responsable1','dnoguera@imagar.com',NULL,'black_list',0),(485,57,'responsable2','dnoguera@imagar.com',NULL,'black_list',0),(486,61,'admin','dnoguera@imagar.com',NULL,'black_list',0),(487,61,'creativo','dnoguera@imagar.com',NULL,'black_list',0),(488,61,'8943573','algo@imagar.com',NULL,'pending',0),(489,61,'34534555','dnoguera@kk.com',NULL,'pending',0),(490,61,'4455554','admin@kk.com',NULL,'pending',0),(491,61,'20266370S','dnoguera1@imagar1.com',NULL,'pending',0),(492,61,'20266370R','dnoguera@imagar1.com',NULL,'pending',0),(493,61,'20266370V','dnoguera@hotmail1.com',NULL,'pending',0),(494,61,'20266370X','dnoguera@gmail2.com',NULL,'pending',0),(495,61,'20266370Q','nogueradavid@hotmail3.com',NULL,'pending',0),(496,61,'20266370A','nogueradavid@hotmail2.com',NULL,'pending',0),(497,61,'20266370I','dnoguera@imagar.com',NULL,'black_list',0),(498,61,'20266370N','dnoguera@imagar.com',NULL,'black_list',0),(499,61,'responsable1','dnoguera@imagar.com',NULL,'black_list',0),(500,61,'responsable2','dnoguera@imagar.com',NULL,'black_list',0),(501,68,'admin','dnoguera@imagar.com',NULL,'black_list',0),(502,68,'creativo','dnoguera@imagar.com',NULL,'black_list',0),(503,68,'8943573','algo@imagar.com',NULL,'pending',0),(504,68,'34534555','dnoguera@kk.com',NULL,'pending',0),(505,68,'4455554','admin@kk.com',NULL,'pending',0),(506,68,'20266370S','dnoguera1@imagar1.com',NULL,'pending',0),(507,68,'20266370R','dnoguera@imagar1.com',NULL,'pending',0),(508,68,'20266370V','dnoguera@hotmail1.com',NULL,'pending',0),(509,68,'20266370X','dnoguera@gmail2.com',NULL,'pending',0),(510,68,'20266370Q','nogueradavid@hotmail3.com',NULL,'pending',0),(511,68,'20266370A','nogueradavid@hotmail2.com',NULL,'pending',0),(512,68,'20266370I','dnoguera@imagar.com',NULL,'black_list',0),(513,68,'20266370N','dnoguera@imagar.com',NULL,'black_list',0),(514,68,'responsable1','dnoguera@imagar.com',NULL,'black_list',0),(515,68,'responsable2','dnoguera@imagar.com',NULL,'black_list',0),(516,69,'admin','dnoguera@imagar.com',NULL,'black_list',0),(517,69,'34534555','dnoguera@kk.com',NULL,'pending',0),(518,69,'20266370I','dnoguera@imagar.com',NULL,'black_list',0),(519,69,'responsable1','dnoguera@imagar.com',NULL,'black_list',0),(520,70,'admin','dnoguera@imagar.com',NULL,'black_list',0),(521,70,'creativo','dnoguera@imagar.com',NULL,'black_list',0),(522,71,'admin','dnoguera@imagar.com',NULL,'black_list',0),(523,71,'creativo','dnoguera@imagar.com',NULL,'black_list',0),(524,72,'admin','dnoguera@imagar.com',NULL,'black_list',0),(525,72,'creativo','dnoguera@imagar.com',NULL,'black_list',0),(526,72,'8943573','algo@imagar.com',NULL,'pending',0),(527,72,'34534555','dnoguera@kk.com',NULL,'pending',0),(528,72,'4455554','admin@kk.com',NULL,'pending',0),(529,72,'20266370S','dnoguera1@imagar1.com',NULL,'pending',0),(530,72,'20266370R','dnoguera@imagar1.com',NULL,'pending',0),(531,72,'20266370V','dnoguera@hotmail1.com',NULL,'pending',0),(532,72,'20266370X','dnoguera@gmail2.com',NULL,'pending',0),(533,72,'20266370Q','nogueradavid@hotmail3.com',NULL,'pending',0),(534,72,'20266370A','nogueradavid@hotmail2.com',NULL,'pending',0),(535,72,'20266370I','dnoguera@imagar.com',NULL,'black_list',0),(536,72,'20266370N','dnoguera@imagar.com',NULL,'black_list',0),(537,72,'responsable1','dnoguera@imagar.com',NULL,'black_list',0),(538,72,'responsable2','dnoguera@imagar.com',NULL,'black_list',0),(539,73,'admin','dnoguera@imagar.com',NULL,'black_list',0),(540,73,'creativo','dnoguera@imagar.com',NULL,'black_list',0),(541,73,'8943573','algo@imagar.com',NULL,'pending',0),(542,73,'34534555','dnoguera@kk.com',NULL,'pending',0),(543,73,'4455554','admin@kk.com',NULL,'pending',0),(544,73,'20266370S','dnoguera1@imagar1.com',NULL,'pending',0),(545,73,'20266370R','dnoguera@imagar1.com',NULL,'pending',0),(546,73,'20266370V','dnoguera@hotmail1.com',NULL,'pending',0),(547,73,'20266370X','dnoguera@gmail2.com',NULL,'pending',0),(548,73,'20266370Q','nogueradavid@hotmail3.com',NULL,'pending',0),(549,73,'20266370A','nogueradavid@hotmail2.com',NULL,'pending',0),(550,73,'20266370I','dnoguera@imagar.com',NULL,'black_list',0),(551,73,'20266370N','dnoguera@imagar.com',NULL,'black_list',0),(552,73,'responsable1','dnoguera@imagar.com',NULL,'black_list',0),(553,73,'responsable2','dnoguera@imagar.com',NULL,'black_list',0),(554,74,'admin','dnoguera@imagar.com',NULL,'black_list',0),(555,74,'creativo','dnoguera@imagar.com',NULL,'black_list',0),(556,74,'8943573','algo@imagar.com',NULL,'pending',0),(557,74,'34534555','dnoguera@kk.com',NULL,'pending',0),(558,74,'4455554','admin@kk.com',NULL,'pending',0),(559,74,'20266370S','dnoguera1@imagar1.com',NULL,'pending',0),(560,74,'20266370R','dnoguera@imagar1.com',NULL,'pending',0),(561,74,'20266370V','dnoguera@hotmail1.com',NULL,'pending',0),(562,74,'20266370X','dnoguera@gmail2.com',NULL,'pending',0),(563,74,'20266370Q','nogueradavid@hotmail3.com',NULL,'pending',0),(564,74,'20266370A','nogueradavid@hotmail2.com',NULL,'pending',0),(565,74,'20266370I','dnoguera@imagar.com',NULL,'black_list',0),(566,74,'20266370N','dnoguera@imagar.com',NULL,'black_list',0),(567,74,'responsable1','dnoguera@imagar.com',NULL,'black_list',0),(568,74,'responsable2','dnoguera@imagar.com',NULL,'black_list',0),(569,75,'admin','dnoguera@imagar.com',NULL,'black_list',0),(570,75,'34534555','dnoguera@kk.com',NULL,'pending',0),(571,75,'20266370I','dnoguera@imagar.com',NULL,'black_list',0),(572,75,'responsable1','dnoguera@imagar.com',NULL,'black_list',0),(573,76,'admin','dnoguera@imagar.com',NULL,'black_list',0),(574,76,'creativo','dnoguera@imagar.com',NULL,'black_list',0),(575,76,'8943573','algo@imagar.com',NULL,'pending',0),(576,76,'34534555','dnoguera@kk.com',NULL,'pending',0),(577,76,'4455554','admin@kk.com',NULL,'pending',0),(578,76,'20266370S','dnoguera1@imagar1.com',NULL,'pending',0),(579,76,'20266370R','dnoguera@imagar1.com',NULL,'pending',0),(580,76,'20266370V','dnoguera@hotmail1.com',NULL,'pending',0),(581,76,'20266370X','dnoguera@gmail2.com',NULL,'pending',0),(582,76,'20266370Q','nogueradavid@hotmail3.com',NULL,'pending',0),(583,76,'20266370A','nogueradavid@hotmail2.com',NULL,'pending',0),(584,76,'20266370I','dnoguera@imagar.com',NULL,'black_list',0),(585,76,'20266370N','dnoguera@imagar.com',NULL,'black_list',0),(586,76,'responsable1','dnoguera@imagar.com',NULL,'black_list',0),(587,76,'responsable2','dnoguera@imagar.com',NULL,'black_list',0),(588,78,'admin','dnoguera@imagar.com',NULL,'black_list',0),(589,79,'admin','dnoguera@imagar.com',NULL,'black_list',0),(590,80,'admin','dnoguera@imagar.com',NULL,'black_list',0),(591,80,'creativo','dnoguera@imagar.com',NULL,'black_list',0),(592,81,'admin','dnoguera@imagar.com',NULL,'black_list',0),(593,82,'20266370I','dnoguera@imagar.com',NULL,'black_list',0),(594,84,'creativo','dnoguera@imagar.com',NULL,'black_list',0),(595,84,'8943573','algo@imagar.com',NULL,'pending',0),(596,84,'4455554','admin@kk.com',NULL,'pending',0),(597,84,'20266370S','dnoguera1@imagar1.com',NULL,'pending',0),(598,84,'20266370N','dnoguera@imagar.com',NULL,'black_list',0),(599,89,'20266370N','dnoguera@imagar.com',NULL,'black_list',0),(600,90,'20266370N','dnoguera@imagar.com',NULL,'black_list',0),(601,91,'20266370N','dnoguera@imagar.com',NULL,'black_list',0),(602,92,'20266370N','dnoguera@imagar.com',NULL,'black_list',0),(603,93,'20266370N','dnoguera@imagar.com',NULL,'black_list',0),(604,93,'X6821471Q','dnoguera@imagar.com',NULL,'black_list',0),(605,94,'20266370N','dnoguera@imagar.com',NULL,'black_list',0),(606,94,'X6821471Q','dnoguera@imagar.com',NULL,'black_list',0),(607,95,'admin','dnoguera@imagar.com','2014-04-08 13:59:08','send',0),(608,95,'18050671H','dnoguera@imagar.com','2014-04-08 14:02:17','send',0),(609,95,'X6821471Q','dnoguera@imagar.com','2014-04-08 14:04:17','send',0),(610,95,'20266370N','dnoguera@imagar.com','2014-04-08 14:06:18','send',0),(611,96,'admin','dnoguera@imagar.com',NULL,'black_list',0),(612,96,'18050671H','dnoguera@imagar.com',NULL,'black_list',0),(613,96,'X6821471Q','dnoguera@imagar.com',NULL,'black_list',0),(614,96,'20266370N','dnoguera@imagar.com',NULL,'black_list',0),(615,97,'admin','dnoguera@imagar.com',NULL,'black_list',0),(616,97,'18050671H','dnoguera@imagar.com',NULL,'black_list',0),(617,97,'X6821471Q','dnoguera@imagar.com',NULL,'black_list',0),(618,97,'20266370N','dnoguera@imagar.com',NULL,'black_list',0),(619,99,'admin','dnoguera@imagar.com','2014-04-08 13:51:07','failed',0),(620,99,'18050671H','dnoguera@imagar.com','2014-04-08 13:51:07','failed',0),(621,99,'X6821471Q','dnoguera@imagar.com','2014-04-08 13:51:07','failed',0),(622,99,'20266370N','dnoguera@imagar.com','2014-04-08 13:51:07','failed',0),(623,100,'admin','dnoguera@imagar.com','2014-04-23 10:27:38','send',0),(624,100,'18050671H','dnoguera@imagar.com','2014-04-23 10:35:29','send',0),(625,100,'X6821471Q','dnoguera@imagar.com','2014-04-23 10:37:29','send',0),(626,100,'20266370N','dnoguera@imagar.com','2014-04-23 10:22:00','send',0),(627,101,'admin','dnoguera@imagar.com','2014-04-23 09:18:20','send',0),(628,103,'admin','dnoguera@imagar.com','2014-04-23 13:24:46','send',0),(629,104,'admin','dnoguera@imagar.com','2014-04-23 16:07:20','send',0),(630,105,'admin','dnoguera@imagar.com',NULL,'black_list',0),(631,105,'18050671H','dnoguera@imagar.com',NULL,'black_list',0),(632,105,'X6821471Q','dnoguera@imagar.com',NULL,'black_list',0),(633,105,'20266370N','dnoguera@imagar.com',NULL,'black_list',0),(634,108,'','dnoguera@imagar.com',NULL,'black_list',0),(635,108,'','2dnoguera@imagar.com',NULL,'pending',0),(636,108,'','david.noguera@grg.com',NULL,'pending',0),(637,109,'','dnoguera@imagar.com',NULL,'black_list',0),(638,109,'','2dnoguera@imagar.com',NULL,'pending',0),(639,109,'','david.noguera@grg.com',NULL,'pending',0),(640,109,'','pramos@imagar.com',NULL,'pending',0),(641,112,'','dnoguera@imagar.com',NULL,'black_list',0),(642,112,'','2dnoguera@imagar.com',NULL,'pending',0),(643,112,'','david.noguera@grg.com',NULL,'pending',0),(644,112,'','pramos@imagar.com',NULL,'pending',0),(645,113,'','dnoguera@imagar.com',NULL,'black_list',0),(646,113,'','2dnoguera@imagar.com',NULL,'pending',0),(647,113,'','david.noguera@grg.com',NULL,'pending',0),(648,113,'','pramos@imagar.com',NULL,'pending',0),(649,114,'','dnoguera@imagar.com',NULL,'black_list',0),(650,114,'','2dnoguera@imagar.com',NULL,'pending',0),(651,114,'','david.noguera@grg.com',NULL,'pending',0),(652,114,'','pramos@imagar.com',NULL,'pending',0),(653,115,'','dnoguera@imagar.com',NULL,'black_list',0),(654,115,'','2dnoguera@imagar.com',NULL,'pending',0),(655,115,'','david.noguera@grg.com',NULL,'pending',0),(656,115,'','pramos@imagar.com',NULL,'pending',0),(657,116,'','dnoguera@imagar.com',NULL,'black_list',0),(658,116,'','2dnoguera@imagar.com',NULL,'pending',0),(659,116,'','david.noguera@grg.com',NULL,'pending',0),(660,116,'','pramos@imagar.com',NULL,'pending',0),(661,117,'','dnoguera@imagar.com',NULL,'black_list',0),(662,117,'','2dnoguera@imagar.com',NULL,'pending',0),(663,117,'','david.noguera@grg.com',NULL,'pending',0),(664,117,'','pramos@imagar.com',NULL,'pending',0),(665,118,'','dnoguera@imagar.com','2014-04-30 10:36:24','send',0),(666,118,'','2dnoguera@imagar.com','2014-04-30 10:38:24','send',0),(667,118,'','david.noguera@grg.com','2014-04-30 10:40:38','send',0),(668,118,'','pramos@imagar.com','2014-04-30 10:42:38','send',0),(669,119,'','dnoguera@imagar.com','2014-04-30 10:45:29','send',0),(670,119,'','2dnoguera@imagar.com','2014-04-30 10:47:29','send',0),(671,119,'','david.noguera@grg.com','2014-04-30 10:49:29','send',0),(672,119,'','pramos@imagar.com','2014-04-30 10:51:30','send',0),(673,120,'','dnoguera@imagar.com',NULL,'black_list',0),(674,120,'','2dnoguera@imagar.com',NULL,'pending',0),(675,120,'','david.noguera@grg.com',NULL,'pending',0),(676,120,'','pramos@imagar.com',NULL,'pending',0),(677,121,'','dnoguera@imagar.com','2014-05-05 17:07:43','send',1),(678,121,'','pramos@imagar.com','2014-05-05 17:09:43','send',0),(679,121,'','odelgado@imagar.com','2014-05-05 17:11:44','send',0),(680,121,'','dmarchante@imagar.com','2014-05-05 17:13:44','send',0),(681,123,'','dnoguera@imagar.com',NULL,'black_list',0),(682,123,'','shermida@imagar.com',NULL,'pending',0),(683,124,'','dnoguera@imagar.com',NULL,'black_list',0),(684,124,'','pramos@imagar.com',NULL,'pending',0),(685,124,'','odelgado@imagar.com',NULL,'pending',0),(686,124,'','dmarchante@imagar.com',NULL,'pending',0),(687,124,'','shermida@imagar.com',NULL,'pending',0),(688,125,'','dmarchante@imagar.com',NULL,'pending',0),(689,125,'','dnoguera@imagar.com',NULL,'black_list',0),(690,125,'','odelgado@imagar.com',NULL,'pending',0),(691,125,'','pramos@imagar.com',NULL,'pending',0),(692,125,'','shermida@imagar.com',NULL,'pending',0),(693,126,'','dnoguera@imagar.com',NULL,'black_list',0),(694,126,'','shermida@imagar.com',NULL,'pending',0),(695,127,'','cgonzalez@imagar.com',NULL,'pending',0),(696,127,'','dmarchante@imagar.com',NULL,'pending',0),(697,127,'','dnoguera@imagar.com',NULL,'black_list',0),(698,127,'','odelgado@imagar.com',NULL,'pending',0),(699,127,'','pramos@imagar.com',NULL,'pending',0),(700,127,'','shermida@imagar.com',NULL,'pending',0),(701,128,'','dmarchante@imagar.com',NULL,'pending',0),(702,128,'','dnoguera@imagar.com',NULL,'black_list',0),(703,128,'','odelgado@imagar.com',NULL,'pending',0),(704,128,'','pramos@imagar.com',NULL,'pending',0),(705,128,'','shermida@imagar.com',NULL,'pending',0),(706,129,'','cgonzalez@imagar.com',NULL,'pending',0),(707,129,'','dmarchante@imagar.com',NULL,'pending',0),(708,129,'','dnoguera@imagar.com',NULL,'black_list',0),(709,129,'','odelgado@imagar.com',NULL,'pending',0),(710,129,'','pramos@imagar.com',NULL,'pending',0),(711,129,'','shermida@imagar.com',NULL,'pending',0),(712,130,'','cgonzalez@imagar.com',NULL,'pending',0),(713,130,'','dmarchante@imagar.com',NULL,'pending',0),(714,130,'','dnoguera@imagar.com',NULL,'black_list',0),(715,130,'','odelgado@imagar.com',NULL,'pending',0),(716,130,'','pramos@imagar.com',NULL,'pending',0),(717,130,'','shermida@imagar.com',NULL,'pending',0),(718,131,'','cgonzalez@imagar.com',NULL,'pending',0),(719,131,'','dmarchante@imagar.com',NULL,'pending',0),(720,131,'','dnoguera@imagar.com',NULL,'black_list',0),(721,131,'','odelgado@imagar.com',NULL,'pending',0),(722,131,'','pramos@imagar.com',NULL,'pending',0),(723,131,'','shermida@imagar.com',NULL,'pending',0),(724,132,'','cgonzalez@imagar.com',NULL,'pending',0),(725,132,'','dmarchante@imagar.com',NULL,'pending',0),(726,132,'','dnoguera@imagar.com',NULL,'black_list',0),(727,132,'','odelgado@imagar.com',NULL,'pending',0),(728,132,'','pramos@imagar.com',NULL,'pending',0),(729,132,'','shermida@imagar.com',NULL,'pending',0),(730,133,'','cgonzalez@imagar.com',NULL,'pending',0),(731,133,'','dmarchante@imagar.com',NULL,'pending',0),(732,133,'','dnoguera@imagar.com',NULL,'black_list',0),(733,133,'','odelgado@imagar.com',NULL,'pending',0),(734,133,'','pramos@imagar.com',NULL,'pending',0),(735,133,'','shermida@imagar.com',NULL,'pending',0),(736,134,'','cgonzalez@imagar.com',NULL,'pending',0),(737,134,'','dmarchante@imagar.com',NULL,'pending',0),(738,134,'','dnoguera@imagar.com',NULL,'black_list',0),(739,134,'','odelgado@imagar.com',NULL,'pending',0),(740,134,'','pramos@imagar.com',NULL,'pending',0),(741,134,'','shermida@imagar.com',NULL,'pending',0),(742,135,'','cgonzalez@imagar.com',NULL,'pending',0),(743,135,'','dmarchante@imagar.com',NULL,'pending',0),(744,135,'','dnoguera@imagar.com',NULL,'black_list',0),(745,135,'','odelgado@imagar.com',NULL,'pending',0),(746,135,'','pramos@imagar.com',NULL,'pending',0),(747,135,'','shermida@imagar.com',NULL,'pending',0),(748,137,'','cgonzalez@imagar.com',NULL,'pending',0),(749,137,'','dmarchante@imagar.com',NULL,'pending',0),(750,137,'','dnoguera@imagar.com',NULL,'black_list',0),(751,137,'','odelgado@imagar.com',NULL,'pending',0),(752,137,'','pramos@imagar.com',NULL,'pending',0),(753,137,'','shermida@imagar.com',NULL,'pending',0),(754,138,'','cgonzalez@imagar.com',NULL,'pending',0),(755,138,'','dmarchante@imagar.com',NULL,'pending',0),(756,138,'','dnoguera@imagar.com',NULL,'black_list',0),(757,138,'','odelgado@imagar.com',NULL,'pending',0),(758,138,'','pramos@imagar.com',NULL,'pending',0),(759,138,'','shermida@imagar.com',NULL,'pending',0),(760,139,'','cgonzalez@imagar.com',NULL,'pending',0),(761,139,'','dmarchante@imagar.com',NULL,'pending',0),(762,139,'','dnoguera@imagar.com',NULL,'black_list',0),(763,139,'','odelgado@imagar.com',NULL,'pending',0),(764,139,'','pramos@imagar.com',NULL,'pending',0),(765,139,'','shermida@imagar.com',NULL,'pending',0),(766,140,'','cgonzalez@imagar.com',NULL,'pending',0),(767,140,'','dmarchante@imagar.com',NULL,'pending',0),(768,140,'','dnoguera@imagar.com',NULL,'black_list',0),(769,140,'','odelgado@imagar.com',NULL,'pending',0),(770,140,'','pramos@imagar.com',NULL,'pending',0),(771,140,'','shermida@imagar.com',NULL,'pending',0),(772,141,'','cgonzalez@imagar.com',NULL,'pending',0),(773,141,'','dmarchante@imagar.com',NULL,'pending',0),(774,141,'','dnoguera@imagar.com',NULL,'black_list',0),(775,141,'','odelgado@imagar.com',NULL,'pending',0),(776,141,'','pramos@imagar.com',NULL,'pending',0),(777,141,'','shermida@imagar.com',NULL,'pending',0),(778,142,'','cgonzalez@imagar.com',NULL,'pending',0),(779,142,'','dmarchante@imagar.com',NULL,'pending',0),(780,142,'','dnoguera@imagar.com',NULL,'black_list',0),(781,142,'','odelgado@imagar.com',NULL,'pending',0),(782,142,'','pramos@imagar.com',NULL,'pending',0),(783,142,'','shermida@imagar.com',NULL,'pending',0),(784,143,'','cgonzalez@imagar.com',NULL,'pending',0),(785,143,'','dmarchante@imagar.com',NULL,'pending',0),(786,143,'','dnoguera@imagar.com',NULL,'black_list',0),(787,143,'','odelgado@imagar.com',NULL,'pending',0),(788,143,'','pramos@imagar.com',NULL,'pending',0),(789,143,'','shermida@imagar.com',NULL,'pending',0),(790,144,'','cgonzalez@imagar.com',NULL,'pending',0),(791,144,'','dmarchante@imagar.com',NULL,'pending',0),(792,144,'','dnoguera@imagar.com',NULL,'black_list',0),(793,144,'','odelgado@imagar.com',NULL,'pending',0),(794,144,'','pramos@imagar.com',NULL,'pending',0),(795,144,'','shermida@imagar.com',NULL,'pending',0),(796,145,'','cgonzalez@imagar.com',NULL,'pending',0),(797,145,'','dmarchante@imagar.com',NULL,'pending',0),(798,145,'','dnoguera@imagar.com',NULL,'black_list',0),(799,145,'','odelgado@imagar.com',NULL,'pending',0),(800,145,'','pramos@imagar.com',NULL,'pending',0),(801,145,'','shermida@imagar.com',NULL,'pending',0),(802,146,'','cgonzalez@imagar.com',NULL,'pending',0),(803,146,'','dmarchante@imagar.com',NULL,'pending',0),(804,146,'','dnoguera@imagar.com',NULL,'black_list',0),(805,146,'','odelgado@imagar.com',NULL,'pending',0),(806,146,'','pramos@imagar.com',NULL,'pending',0),(807,146,'','shermida@imagar.com',NULL,'pending',0),(808,147,'','cgonzalez@imagar.com',NULL,'pending',0),(809,147,'','dmarchante@imagar.com',NULL,'pending',0),(810,147,'','dnoguera@imagar.com',NULL,'black_list',0),(811,147,'','odelgado@imagar.com',NULL,'pending',0),(812,147,'','pramos@imagar.com',NULL,'pending',0),(813,147,'','shermida@imagar.com',NULL,'pending',0),(814,149,'','cgonzalez@imagar.com',NULL,'pending',0),(815,149,'','dmarchante@imagar.com',NULL,'pending',0),(816,149,'','dnoguera@imagar.com',NULL,'black_list',0),(817,149,'','odelgado@imagar.com',NULL,'pending',0),(818,149,'','pramos@imagar.com',NULL,'pending',0),(819,149,'','shermida@imagar.com',NULL,'pending',0),(820,150,'','cgonzalez@imagar.com',NULL,'pending',0),(821,150,'','dmarchante@imagar.com',NULL,'pending',0),(822,150,'','dnoguera@imagar.com',NULL,'black_list',0),(823,150,'','odelgado@imagar.com',NULL,'pending',0),(824,150,'','pramos@imagar.com',NULL,'pending',0),(825,150,'','shermida@imagar.com',NULL,'pending',0),(826,151,'','cgonzalez@imagar.com',NULL,'pending',0),(827,151,'','dmarchante@imagar.com',NULL,'pending',0),(828,151,'','dnoguera@imagar.com',NULL,'black_list',0),(829,151,'','odelgado@imagar.com',NULL,'pending',0),(830,151,'','pramos@imagar.com',NULL,'pending',0),(831,151,'','shermida@imagar.com',NULL,'pending',0),(832,152,'','cgonzalez@imagar.com','2014-09-11 13:49:23','send',0),(833,152,'','dmarchante@imagar.com','2014-09-11 13:51:24','send',1),(834,152,'','dnoguera@imagar.com','2014-09-11 13:53:24','send',1),(835,152,'','odelgado@imagar.com','2014-09-11 13:55:25','send',1),(836,152,'','pramos@imagar.com','2014-09-11 13:57:26','send',1),(837,152,'','shermida@imagar.com','2014-09-11 13:59:27','send',1),(838,153,'','cgonzalez@imagar.com','2014-09-11 15:38:06','send',0),(839,153,'','dmarchante@imagar.com','2014-09-11 15:40:06','send',1),(840,153,'','dnoguera@imagar.com','2014-09-11 15:42:06','send',1),(841,153,'','odelgado@imagar.com','2014-09-11 15:44:07','send',1),(842,153,'','pramos@imagar.com','2014-09-11 15:46:07','send',0),(843,153,'','shermida@imagar.com','2014-09-11 15:48:08','send',1),(844,154,'','dnoguera@imagar.com',NULL,'black_list',0),(845,154,'','nogueradavid@hotmail.com',NULL,'pending',0),(846,155,'','dnoguera@imagar.com','2014-09-11 16:06:08','send',1),(847,155,'','nogueradavid@hotmail.com','2014-09-11 16:08:08','send',0),(848,156,'','dnoguera@imagar.com','2014-09-11 16:21:39','send',1),(849,156,'','nogueradavid@hotmail.com','2014-09-11 16:23:39','send',0),(850,157,'','dnoguera@imagar.com','2014-09-11 17:41:06','send',1),(851,157,'','nogueradavid@hotmail.com','2014-09-11 17:43:06','send',0),(852,158,'','cgonzalez@imagar.com','2014-09-11 17:47:42','send',0),(853,158,'','dmarchante@imagar.com','2014-09-11 17:49:42','send',1),(854,158,'','dnoguera@imagar.com','2014-09-11 17:51:43','send',1),(855,158,'','odelgado@imagar.com','2014-09-11 17:53:43','send',1),(856,158,'','pramos@imagar.com','2014-09-11 17:55:43','send',1),(857,158,'','shermida@imagar.com','2014-09-11 17:57:44','send',1),(858,159,'','dnoguera@imagar.com','2014-09-12 09:51:59','send',1),(859,159,'','nogueradavid@hotmail.com','2014-09-12 09:54:00','send',0),(860,160,'','dnoguera@imagar.com','2014-09-12 10:14:57','send',1),(861,160,'','nogueradavid@hotmail.com','2014-09-12 10:16:57','send',0),(862,161,'','dnoguera@imagar.com','2014-09-12 10:32:49','send',1),(863,161,'','nogueradavid@hotmail.com','2014-09-12 10:34:49','send',0),(864,162,'','nogueradavid@hotmail.com','2014-09-12 10:37:20','send',0),(865,163,'','dnoguera@imagar.com','2014-09-12 12:30:14','send',0),(866,163,'','nogueradavid@hotmail.com','2014-09-12 12:32:15','send',0);

/*Table structure for table `mailing_templates` */

DROP TABLE IF EXISTS `mailing_templates`;

CREATE TABLE `mailing_templates` (
  `id_template` int(11) unsigned NOT NULL AUTO_INCREMENT,
  `template_name` varchar(250) NOT NULL DEFAULT '',
  `template_body` text,
  `template_mini` varchar(250) NOT NULL DEFAULT '',
  `activo` int(1) NOT NULL DEFAULT '1',
  `id_type` int(11) NOT NULL DEFAULT '0',
  `id_campaign` int(11) NOT NULL DEFAULT '0',
  PRIMARY KEY (`id_template`)
) ENGINE=MyISAM AUTO_INCREMENT=13 DEFAULT CHARSET=latin1;

/*Data for the table `mailing_templates` */

insert  into `mailing_templates`(`id_template`,`template_name`,`template_body`,`template_mini`,`activo`,`id_type`,`id_campaign`) values (1,'Plantilla Convocatoria Descuentos','<meta content=\"text/html; charset=UTF-8\" http-equiv=\"Content-Type\" />\r\n<title></title>\r\n<div align=\"center\">\r\n	<table border=\"0\" cellpadding=\"10px\" cellspacing=\"0\" width=\"400\">\r\n		<tbody>\r\n			<tr valign=\"top\">\r\n				<td rowspan=\"2\" width=\"194\">\r\n					<img alt=\"\" src=\"http://localhost/alain/images/mailing/images/logo.png\" style=\"width: 100px; height: 75px;\" /></td>\r\n				<td style=\"vertical-align: top; width: 100%;\">\r\n					<h2>\r\n						Convocatoria</h2>\r\n					[CONTENT]</td>\r\n			</tr>\r\n			<tr>\r\n				<td>\r\n					[FOOTER]</td>\r\n			</tr>\r\n		</tbody>\r\n	</table>\r\n</div>\r\n','1398327405_bg01.jpg',1,1,2),(2,'Plantilla Descuento + Reclamo','<meta content=\"text/html; charset=UTF-8\" http-equiv=\"Content-Type\" />\r\n<title></title>\r\n<div align=\"center\">\r\n	<table border=\"0\" cellpadding=\"10px\" cellspacing=\"0\" width=\"400\">\r\n		<tbody>\r\n			<tr valign=\"top\">\r\n				<td rowspan=\"2\" width=\"194\">\r\n					<img alt=\"\" src=\"http://192.168.0.8/community-php/images/mailing/images/logo.png\" style=\"width: 100px; height: 75px;\" /><br />\r\n					<br />\r\n					[USER_LOGO]</td>\r\n				<td style=\"vertical-align: top; width: 100%;\">\r\n					<h2>\r\n						Convocatoria</h2>\r\n					[USER_EMPRESA]<br />\r\n					<br />\r\n					[DATE_PROMOCION]<br />\r\n					<br />\r\n					Consigue un descuento de <strong>[DESCUENTO_PROMOCION]</strong><br />\r\n					<br />\r\n					[CLAIM_PROMOCION]</td>\r\n			</tr>\r\n			<tr>\r\n				<td>\r\n					[USER_DIRECCION]</td>\r\n			</tr>\r\n		</tbody>\r\n	</table>\r\n</div>\r\n','1398328115_bg01.jpg',1,3,2),(3,'Plantilla simple','<div align=\"center\">\r\n	<table border=\"0\" cellpadding=\"10px\" cellspacing=\"10px\" style=\"background-color:#f0f0f0;\" width=\"600\">\r\n		<tbody>\r\n			<tr valign=\"top\">\r\n				<td rowspan=\"2\" width=\"194\">\r\n					<img alt=\"\" src=\"http://192.168.0.8/community-php/images/mailing/images/logo.png\" style=\"width: 100px; height: 75px;\" /><br />\r\n					&nbsp;</td>\r\n				<td style=\"vertical-align: top; width: 100%;\">\r\n					<h2>\r\n						P. Simple</h2>\r\n					Esto es un mensaje de plantilla simple<br />\r\n					<br />\r\n					<a href=\"http://google.es\">Ir a google</a><br />\r\n					<a href=\"http://imagar.com\">http://imagar.com</a><br />\r\n					<br />\r\n					Ahora tienes un descuento de <span style=\"font-size: 26px;\"><strong>[DESCUENTO_PROMOCION]%</strong></span>, aprovechalo<br />\r\n					<br />\r\n					&nbsp;</td>\r\n			</tr>\r\n			<tr>\r\n				<td>\r\n					<span style=\"color: rgb(0, 153, 204);\">[CLAIM_PROMOCION]</span></td>\r\n			</tr>\r\n		</tbody>\r\n	</table>\r\n</div>\r\n','1398328167_bg_globos.jpg',1,2,1),(8,'gg','ggg','',2,2,2),(9,'dfgdfgd f','d fdfgdfgdfgdfgdf','',0,1,1),(10,'fffffffffffffffffff','5555555555<br />\r\n[CONTENT]','',2,1,2),(11,'La cuarta plantilla de comunicación','<table align=\"center\" border=\"0\" cellpadding=\"1\" cellspacing=\"10\" style=\"width: 600px;\">\r\n	<tbody>\r\n		<tr>\r\n			<td>\r\n				<img alt=\"\" src=\"http://localhost/alain/images/mailing/images/logo.png\" style=\"width: 100px; height: 75px;\" /></td>\r\n			<td style=\"vertical-align: top; width: 100%;\">\r\n				<h2>\r\n					El cuerpo del Cuarto mensaje.</h2>\r\n				<br />\r\n				[CONTENT]</td>\r\n		</tr>\r\n	</tbody>\r\n</table>\r\n','1398328335_1347877359_mexico3.jpg',1,2,1),(12,'Plantilla de reclamo ','<meta content=\"text/html; charset=UTF-8\" http-equiv=\"Content-Type\" />\r\n<title></title>\r\n<div align=\"center\">\r\n	<table border=\"0\" cellpadding=\"10px\" cellspacing=\"0\" width=\"400\">\r\n		<tbody>\r\n			<tr valign=\"top\">\r\n				<td rowspan=\"2\" width=\"194\">\r\n					<img alt=\"\" src=\"http://localhost/alain/images/mailing/images/logo.png\" style=\"width: 100px; height: 75px;\" /><br />\r\n					<br />\r\n					[USER_LOGO]</td>\r\n				<td style=\"vertical-align: top; width: 100%;\">\r\n					<h2>\r\n						Reclamo</h2>\r\n					[USER_EMPRESA] te felicita!!<br />\r\n					[CLAIM_PROMOCION]<br />\r\n					<br />\r\n					<br />\r\n					Consigue un descuento de [DESCUENTO_PROMOCION] %<br />\r\n					<br />\r\n					fecha l&iacute;mite de la promoci&oacute;n [DATE_PROMOCION]<br />\r\n					<br />\r\n					[USER_DIRECCION]</td>\r\n			</tr>\r\n		</tbody>\r\n	</table>\r\n</div>\r\n','1399549926_bg.jpg',1,2,3);

/*Table structure for table `mailing_templates_types` */

DROP TABLE IF EXISTS `mailing_templates_types`;

CREATE TABLE `mailing_templates_types` (
  `id_type` int(11) unsigned NOT NULL AUTO_INCREMENT,
  `name_type` varchar(250) NOT NULL DEFAULT '',
  PRIMARY KEY (`id_type`)
) ENGINE=MyISAM AUTO_INCREMENT=4 DEFAULT CHARSET=latin1;

/*Data for the table `mailing_templates_types` */

insert  into `mailing_templates_types`(`id_type`,`name_type`) values (1,'Descuentos'),(2,'Reclamo'),(3,'Descuentos+Reclamo');

/*Table structure for table `mensajes` */

DROP TABLE IF EXISTS `mensajes`;

CREATE TABLE `mensajes` (
  `id_mensaje` int(11) unsigned NOT NULL AUTO_INCREMENT,
  `user_remitente` varchar(100) NOT NULL DEFAULT '',
  `user_destinatario` varchar(100) NOT NULL DEFAULT '',
  `date_mensaje` timestamp NOT NULL DEFAULT CURRENT_TIMESTAMP,
  `asunto_mensaje` varchar(250) NOT NULL DEFAULT '',
  `mensaje_cuerpo` longtext NOT NULL COMMENT '0: no leido, 1: leido; 2:eliminado',
  `estado` tinyint(1) NOT NULL DEFAULT '0',
  `estado_remitente` tinyint(1) NOT NULL DEFAULT '0' COMMENT '1: eliminado; 0: en bandeja de elementos enviados',
  PRIMARY KEY (`id_mensaje`)
) ENGINE=MyISAM AUTO_INCREMENT=15 DEFAULT CHARSET=utf8;

/*Data for the table `mensajes` */

insert  into `mensajes`(`id_mensaje`,`user_remitente`,`user_destinatario`,`date_mensaje`,`asunto_mensaje`,`mensaje_cuerpo`,`estado`,`estado_remitente`) values (1,'admin','david','2014-09-19 18:40:49','mensaje de prueba','el primer mensaje de prueba',1,0),(2,'admin','david','2014-09-19 18:43:18','Segundo mensaje','bla bla bla',1,0),(3,'admin','david','2014-09-21 03:05:46','test3','hshshshshhsbhsbdhs shdsg d',0,1),(4,'admin','david','2014-09-21 03:40:23','test5','aaaaaaaaaaaaa',1,0),(5,'admin','david','2014-09-21 03:40:53','tst5','kkkkkkkkkkk',1,1),(6,'admin','david','2014-09-22 09:15:16','gdfg','dfgdf',1,0),(7,'admin','david','2014-09-22 09:36:24','fghfg','hfghf',1,0),(8,'david','admin','2014-09-22 11:21:55','Prueba de mensaje','Este es un mensaje de prueba para el administrador de la comunidad',2,0),(9,'david','admin','2014-09-22 11:22:48','Prueba 2','Otro mensaje de prueba para el administrador',1,0),(10,'david','admin','2014-09-22 11:25:32','prueba envío','El mensaje de prueba de envíos',1,0),(11,'admin','david','2014-09-22 15:31:32','prueba de comillas','Me \"gusta\" un montón',1,0),(12,'admin','david','2014-09-22 16:53:26','Comilla en \"asunto\" y cuerpo','Este mensaje \"tambien\" tiene comilllas',1,0),(13,'admin','david','2014-10-03 11:08:14','Que hay de nuevo','Mándame un mensaje de prueba',0,0),(14,'admin','david','2014-10-21 11:03:59','Mensaje desde perfil','Un mensaje desde el perfil de usuario',0,0);

/*Table structure for table `muro_comentarios` */

DROP TABLE IF EXISTS `muro_comentarios`;

CREATE TABLE `muro_comentarios` (
  `id_comentario` int(11) unsigned NOT NULL AUTO_INCREMENT,
  `tipo_muro` varchar(100) NOT NULL DEFAULT 'principal',
  `seccion_comentario` varchar(250) NOT NULL DEFAULT '',
  `id_comentario_id` int(11) NOT NULL DEFAULT '0',
  `canal` varchar(100) NOT NULL DEFAULT '',
  `comentario` longtext,
  `user_comentario` varchar(100) NOT NULL DEFAULT '',
  `date_comentario` timestamp NOT NULL DEFAULT CURRENT_TIMESTAMP,
  `votaciones` int(11) NOT NULL DEFAULT '0',
  `estado` tinyint(1) NOT NULL DEFAULT '0' COMMENT '0=pendiente; 1=validado;2=rechazado',
  `seleccion_reto` tinyint(1) DEFAULT '0',
  PRIMARY KEY (`id_comentario`)
) ENGINE=MyISAM AUTO_INCREMENT=23 DEFAULT CHARSET=utf8;

/*Data for the table `muro_comentarios` */

insert  into `muro_comentarios`(`id_comentario`,`tipo_muro`,`seccion_comentario`,`id_comentario_id`,`canal`,`comentario`,`user_comentario`,`date_comentario`,`votaciones`,`estado`,`seleccion_reto`) values (1,'principal','',0,'comercial','un comentariio','admin','2014-07-29 14:46:12',0,1,0),(2,'principal','',0,'comercial','segundo comentario','admin','2014-07-29 14:46:57',0,1,0),(3,'principal','',0,'comercial','ffds gsdfgsdfg','admin','2014-07-30 10:44:49',0,1,0),(4,'principal','',0,'comercial','sd fgsdfgsdfgsdfg','admin','2014-07-30 10:44:52',0,1,0),(5,'principal','',0,'comercial','sd fgsdfgsdfgsdfgsdfg','admin','2014-07-30 10:44:55',0,1,0),(6,'principal','',0,'comercial','111111111111111','admin','2014-07-30 10:44:59',0,1,0),(7,'principal','',6,'comercial','te respondo','admin','2014-09-10 10:10:08',0,1,0),(8,'principal','',6,'comercial','otra respuesra','admin','2014-09-10 12:39:37',0,1,0),(9,'principal','',3,'comercial','dfs sdfsdf','admin','2014-09-10 12:42:26',0,1,0),(10,'principal','',0,'gerente','un comentario en gerentes','admin','2014-09-18 10:31:00',0,1,0),(11,'principal','',0,'comercial','Hola a todos!!  La nueva comunidad','david','2014-09-18 16:21:26',0,1,0),(12,'principal','',6,'comercial','Yo también te respondo','david','2014-09-23 09:46:43',0,1,0),(13,'principal','',0,'comercial','Buenos días a todos!!!','david','2014-09-23 12:47:45',0,1,0),(14,'principal','',0,'comercial','Que hay de nuevo hoy?','david','2014-09-23 12:47:50',1,1,0),(15,'principal','',0,'comercial','Buenos días!!!','admin','2014-09-23 12:48:19',0,1,0),(16,'principal','',0,'comercial','Buenos días a todos!!! hoy he votado unos videos','david','2014-09-29 18:01:26',1,1,0),(17,'principal','',16,'comercial','un respuesta al comentario','admin','2014-10-03 13:12:03',0,1,0),(18,'principal','',0,'comercial','Han añadido las ultimas noticias. A ver si añaden cosas interesantes por fin y que nos gusten a todos!!!!','david','2014-10-12 01:33:45',0,1,0),(19,'principal','',0,'comercial','La primera noticia no esta mal. A ver si siguen asi','david','2014-10-12 01:35:53',0,1,0),(20,'principal','',0,'comercial','Hola a todos','admin','2014-10-17 17:04:53',0,1,0),(21,'principal','',0,'comercial','Buenas tardes','david','2014-11-28 13:16:59',0,1,0),(22,'principal','',0,'comercial','hola!!!','admin','2014-11-28 18:18:53',0,1,0);

/*Table structure for table `muro_comentarios_votaciones` */

DROP TABLE IF EXISTS `muro_comentarios_votaciones`;

CREATE TABLE `muro_comentarios_votaciones` (
  `id_votacion` int(11) unsigned NOT NULL AUTO_INCREMENT,
  `id_comentario` int(11) NOT NULL DEFAULT '0',
  `user_votacion` varchar(100) NOT NULL DEFAULT '',
  `date_votacion` timestamp NOT NULL DEFAULT CURRENT_TIMESTAMP,
  PRIMARY KEY (`id_votacion`)
) ENGINE=MyISAM AUTO_INCREMENT=3 DEFAULT CHARSET=utf8;

/*Data for the table `muro_comentarios_votaciones` */

insert  into `muro_comentarios_votaciones`(`id_votacion`,`id_comentario`,`user_votacion`,`date_votacion`) values (1,16,'admin','2014-10-11 17:48:15'),(2,14,'admin','2014-10-11 17:48:24');

/*Table structure for table `na_areas` */

DROP TABLE IF EXISTS `na_areas`;

CREATE TABLE `na_areas` (
  `id_area` int(11) unsigned NOT NULL AUTO_INCREMENT,
  `area_nombre` varchar(250) NOT NULL DEFAULT '',
  `area_descripcion` longtext NOT NULL,
  `area_canal` varchar(100) NOT NULL DEFAULT '',
  `estado` tinyint(1) NOT NULL DEFAULT '1',
  `puntos` int(5) NOT NULL DEFAULT '0',
  `limite_users` int(11) NOT NULL DEFAULT '0',
  `area_fecha` timestamp NOT NULL DEFAULT CURRENT_TIMESTAMP,
  `registro` tinyint(1) NOT NULL DEFAULT '0',
  PRIMARY KEY (`id_area`)
) ENGINE=MyISAM AUTO_INCREMENT=13 DEFAULT CHARSET=utf8;

/*Data for the table `na_areas` */

insert  into `na_areas`(`id_area`,`area_nombre`,`area_descripcion`,`area_canal`,`estado`,`puntos`,`limite_users`,`area_fecha`,`registro`) values (9,'Área de prueba inicial','El primer curso de formación para el canal comerciales','comercial',1,10,50,'2014-08-01 09:06:32',0),(10,'Curso 2 de prueba de formación inicial para comerciales','Lorem ipsum dolor sit amet, consectetur adipiscing elit. Nam dolor nulla, sodales et pretium quis, iaculis id ex. Quisque pharetra in ex in hendrerit','comercial',1,8,50,'2014-10-02 11:33:19',1),(11,'Curso de inscripcion','Curso en el que los usuarios se pueden inscribir con un límite máximo de usuarios inscritos.','comercial',1,20,1,'2014-10-13 10:43:16',1),(12,'Prueba de curso sin tareas','I was stumped for a long time by the fact that even when using addslashes and stripslashes explicitly on the field values double quotes (\") still didn´t seem to show up in strings read from a database. Until I looked at the source, and realised that the field value is just truncated at the first occurrence of a double quote. the remainder of the string is there (in the source), but is ignored when the form is displayed and submitted.','comercial',1,50,10,'2014-11-24 11:36:46',1);

/*Table structure for table `na_areas_grupos` */

DROP TABLE IF EXISTS `na_areas_grupos`;

CREATE TABLE `na_areas_grupos` (
  `id_grupo` int(11) unsigned NOT NULL AUTO_INCREMENT,
  `id_area` int(11) unsigned NOT NULL DEFAULT '0',
  `grupo_nombre` varchar(255) NOT NULL DEFAULT '',
  PRIMARY KEY (`id_grupo`)
) ENGINE=MyISAM AUTO_INCREMENT=3 DEFAULT CHARSET=utf8;

/*Data for the table `na_areas_grupos` */

insert  into `na_areas_grupos`(`id_grupo`,`id_area`,`grupo_nombre`) values (1,9,'Grupo1'),(2,9,'Grupo2');

/*Table structure for table `na_areas_grupos_users` */

DROP TABLE IF EXISTS `na_areas_grupos_users`;

CREATE TABLE `na_areas_grupos_users` (
  `id_grupo` int(11) unsigned NOT NULL DEFAULT '0',
  `grupo_username` varchar(100) NOT NULL DEFAULT '',
  PRIMARY KEY (`id_grupo`,`grupo_username`)
) ENGINE=MyISAM DEFAULT CHARSET=utf8;

/*Data for the table `na_areas_grupos_users` */

insert  into `na_areas_grupos_users`(`id_grupo`,`grupo_username`) values (1,'admin');

/*Table structure for table `na_areas_users` */

DROP TABLE IF EXISTS `na_areas_users`;

CREATE TABLE `na_areas_users` (
  `id_area` int(11) NOT NULL DEFAULT '0',
  `username_area` varchar(100) NOT NULL DEFAULT '',
  PRIMARY KEY (`id_area`,`username_area`)
) ENGINE=MyISAM DEFAULT CHARSET=utf8;

/*Data for the table `na_areas_users` */

insert  into `na_areas_users`(`id_area`,`username_area`) values (9,'admin'),(9,'david'),(10,'admin'),(11,'david'),(12,'admin');

/*Table structure for table `na_tareas` */

DROP TABLE IF EXISTS `na_tareas`;

CREATE TABLE `na_tareas` (
  `id_tarea` int(11) unsigned NOT NULL AUTO_INCREMENT,
  `id_area` int(11) NOT NULL DEFAULT '0',
  `tarea_titulo` longtext NOT NULL,
  `tarea_descripcion` longtext NOT NULL,
  `tipo` varchar(100) NOT NULL DEFAULT 'fichero' COMMENT 'fichero;formulario',
  `tarea_grupo` tinyint(1) NOT NULL DEFAULT '0',
  `user_add` varchar(100) NOT NULL DEFAULT '',
  `activa` tinyint(1) NOT NULL DEFAULT '1',
  `tarea_archivo` varchar(250) NOT NULL DEFAULT '',
  `activa_links` tinyint(1) NOT NULL DEFAULT '1',
  PRIMARY KEY (`id_tarea`)
) ENGINE=MyISAM AUTO_INCREMENT=12 DEFAULT CHARSET=utf8;

/*Data for the table `na_tareas` */

insert  into `na_tareas`(`id_tarea`,`id_area`,`tarea_titulo`,`tarea_descripcion`,`tipo`,`tarea_grupo`,`user_add`,`activa`,`tarea_archivo`,`activa_links`) values (8,9,'Tarea de formulario para el primer curso de formación','Lorem ipsum dolor sit amet, consectetur adipiscing elit. Donec eu gravida ante, vel elementum neque. Suspendisse in aliquam diam.','formulario',0,'admin',0,'',1),(9,10,'Formulario curso 2','Nulla bibendum mollis pulvinar. Nullam felis leo, mattis quis lacus a, mattis dictum tortor. Mauris ac feugiat turpis.','formulario',0,'admin',1,'',1),(10,9,'Una tarea de fichero','La desc de una tarea de fichero','fichero',1,'admin',1,'1413272430_lorem-ipsum.jpg',1),(11,9,'Tarea de grupos','Lorem ipsum dolor sit amet, consectetur adipiscing elit. Nulla elementum condimentum purus, ut ultrices tortor vestibulum ac. Nunc varius dapibus massa et sollicitudin.','fichero',1,'admin',1,'1414684191_model_puntos.xls',1);

/*Table structure for table `na_tareas_documentos` */

DROP TABLE IF EXISTS `na_tareas_documentos`;

CREATE TABLE `na_tareas_documentos` (
  `id_documento` int(11) unsigned NOT NULL AUTO_INCREMENT,
  `id_tarea` int(11) unsigned NOT NULL DEFAULT '0',
  `documento_tipo` varchar(100) NOT NULL DEFAULT 'fichero' COMMENT 'fichero;video;podcast;enlace',
  `documento_nombre` varchar(250) NOT NULL DEFAULT '',
  `documento_file` varchar(255) NOT NULL DEFAULT '',
  PRIMARY KEY (`id_documento`)
) ENGINE=MyISAM AUTO_INCREMENT=23 DEFAULT CHARSET=utf8;

/*Data for the table `na_tareas_documentos` */

insert  into `na_tareas_documentos`(`id_documento`,`id_tarea`,`documento_tipo`,`documento_nombre`,`documento_file`) values (18,10,'enlace','Un enlace a google','http://google.es'),(19,10,'fichero','Una imagen, tipo fichero','1413272511_tumblr_n8psyhbag61slhhf0o1_1280.jpg'),(20,10,'enlace','Enlace a imagar.com','http://imagar.com'),(22,10,'video','Un video de prueba','1348036284_video_2_inicio_de_la_aventura_juntos_reducido__2.avi.mp4');

/*Table structure for table `na_tareas_formularios_finalizados` */

DROP TABLE IF EXISTS `na_tareas_formularios_finalizados`;

CREATE TABLE `na_tareas_formularios_finalizados` (
  `id_tarea` int(11) NOT NULL,
  `user_tarea` varchar(100) NOT NULL,
  `date_finalizacion` timestamp NOT NULL DEFAULT CURRENT_TIMESTAMP,
  `revision` tinyint(1) NOT NULL DEFAULT '0',
  `puntos` int(3) NOT NULL DEFAULT '0',
  `user_revision` varchar(100) NOT NULL DEFAULT '',
  `date_revision` datetime DEFAULT NULL,
  PRIMARY KEY (`id_tarea`,`user_tarea`),
  KEY `user_tarea` (`user_tarea`)
) ENGINE=MyISAM DEFAULT CHARSET=utf8;

/*Data for the table `na_tareas_formularios_finalizados` */

insert  into `na_tareas_formularios_finalizados`(`id_tarea`,`user_tarea`,`date_finalizacion`,`revision`,`puntos`,`user_revision`,`date_revision`) values (8,'admin','2014-10-14 17:10:32',0,0,'',NULL),(9,'admin','2014-10-03 10:23:02',0,0,'',NULL);

/*Table structure for table `na_tareas_formularios_finalizados_history` */

DROP TABLE IF EXISTS `na_tareas_formularios_finalizados_history`;

CREATE TABLE `na_tareas_formularios_finalizados_history` (
  `id_history` int(11) unsigned NOT NULL AUTO_INCREMENT,
  `id_tarea` int(11) NOT NULL,
  `user_tarea` varchar(100) NOT NULL,
  `date_finalizacion` datetime NOT NULL,
  `revision` tinyint(1) NOT NULL DEFAULT '0',
  `puntos` int(3) NOT NULL DEFAULT '0',
  `user_revision` varchar(100) NOT NULL DEFAULT '',
  `date_revision` datetime DEFAULT NULL,
  `date_history` timestamp NOT NULL DEFAULT CURRENT_TIMESTAMP,
  `user_history` varchar(100) NOT NULL DEFAULT '',
  PRIMARY KEY (`id_history`)
) ENGINE=MyISAM AUTO_INCREMENT=23 DEFAULT CHARSET=utf8;

/*Data for the table `na_tareas_formularios_finalizados_history` */

/*Table structure for table `na_tareas_grupos` */

DROP TABLE IF EXISTS `na_tareas_grupos`;

CREATE TABLE `na_tareas_grupos` (
  `id_tarea` int(11) unsigned NOT NULL DEFAULT '0',
  `id_grupo` int(11) unsigned NOT NULL DEFAULT '0',
  PRIMARY KEY (`id_tarea`,`id_grupo`)
) ENGINE=MyISAM DEFAULT CHARSET=utf8;

/*Data for the table `na_tareas_grupos` */

insert  into `na_tareas_grupos`(`id_tarea`,`id_grupo`) values (11,1);

/*Table structure for table `na_tareas_grupos_history` */

DROP TABLE IF EXISTS `na_tareas_grupos_history`;

CREATE TABLE `na_tareas_grupos_history` (
  `id_history` int(11) unsigned NOT NULL AUTO_INCREMENT,
  `id_tarea` int(11) unsigned NOT NULL DEFAULT '0',
  `id_grupo` int(11) unsigned NOT NULL DEFAULT '0',
  `date_history` timestamp NOT NULL DEFAULT CURRENT_TIMESTAMP,
  `user_history` varchar(100) NOT NULL DEFAULT '',
  PRIMARY KEY (`id_history`)
) ENGINE=MyISAM AUTO_INCREMENT=3 DEFAULT CHARSET=utf8;

/*Data for the table `na_tareas_grupos_history` */

insert  into `na_tareas_grupos_history`(`id_history`,`id_tarea`,`id_grupo`,`date_history`,`user_history`) values (1,11,1,'2014-10-30 17:06:57','admin'),(2,11,2,'2014-10-30 17:07:54','admin');

/*Table structure for table `na_tareas_preguntas` */

DROP TABLE IF EXISTS `na_tareas_preguntas`;

CREATE TABLE `na_tareas_preguntas` (
  `id_pregunta` int(11) unsigned NOT NULL AUTO_INCREMENT,
  `id_tarea` int(11) unsigned NOT NULL DEFAULT '0',
  `pregunta_texto` longtext NOT NULL,
  `pregunta_tipo` varchar(100) NOT NULL DEFAULT 'texto' COMMENT 'texto;unica;multiple',
  PRIMARY KEY (`id_pregunta`)
) ENGINE=MyISAM AUTO_INCREMENT=18 DEFAULT CHARSET=utf8;

/*Data for the table `na_tareas_preguntas` */

insert  into `na_tareas_preguntas`(`id_pregunta`,`id_tarea`,`pregunta_texto`,`pregunta_tipo`) values (13,8,'¿De que color es el caballo blanco de Santiago?','texto'),(14,8,'¿Cuantas patas tiene un pero?','unica'),(15,9,'¿Cuantas patas tiene un pero?','unica'),(17,9,'¿De que color es el caballo blanco de Santiago?','unica');

/*Table structure for table `na_tareas_respuestas` */

DROP TABLE IF EXISTS `na_tareas_respuestas`;

CREATE TABLE `na_tareas_respuestas` (
  `id_respuesta` int(11) unsigned NOT NULL AUTO_INCREMENT,
  `id_pregunta` int(11) unsigned NOT NULL DEFAULT '0',
  `respuesta_texto` longtext NOT NULL,
  PRIMARY KEY (`id_respuesta`)
) ENGINE=MyISAM AUTO_INCREMENT=25 DEFAULT CHARSET=utf8;

/*Data for the table `na_tareas_respuestas` */

insert  into `na_tareas_respuestas`(`id_respuesta`,`id_pregunta`,`respuesta_texto`) values (14,14,'Una'),(15,14,'Dos'),(16,14,'Tres'),(17,15,'2'),(18,15,'3'),(19,15,'4'),(21,17,'Azul'),(22,17,'Blanco'),(23,17,'Rojo'),(24,17,'Verde');

/*Table structure for table `na_tareas_respuestas_user` */

DROP TABLE IF EXISTS `na_tareas_respuestas_user`;

CREATE TABLE `na_tareas_respuestas_user` (
  `id_respuesta_user` int(11) unsigned NOT NULL AUTO_INCREMENT,
  `id_pregunta` int(11) unsigned NOT NULL DEFAULT '0',
  `respuesta_user` varchar(100) NOT NULL DEFAULT '',
  `respuesta_valor` longtext NOT NULL,
  PRIMARY KEY (`id_respuesta_user`),
  KEY `id_pregunta` (`id_pregunta`)
) ENGINE=MyISAM AUTO_INCREMENT=19 DEFAULT CHARSET=utf8;

/*Data for the table `na_tareas_respuestas_user` */

insert  into `na_tareas_respuestas_user`(`id_respuesta_user`,`id_pregunta`,`respuesta_user`,`respuesta_valor`) values (15,13,'admin','blanco'),(16,14,'admin','Dos'),(17,15,'admin','2'),(18,17,'admin','Azul');

/*Table structure for table `na_tareas_users` */

DROP TABLE IF EXISTS `na_tareas_users`;

CREATE TABLE `na_tareas_users` (
  `id_tarea_user` int(11) unsigned NOT NULL AUTO_INCREMENT,
  `id_area` int(11) NOT NULL,
  `id_tarea` int(11) NOT NULL,
  `user_tarea` varchar(100) NOT NULL DEFAULT '',
  `file_tarea` varchar(255) NOT NULL DEFAULT '',
  `fecha_tarea` timestamp NOT NULL DEFAULT CURRENT_TIMESTAMP,
  `revision` tinyint(1) NOT NULL DEFAULT '0',
  `user_revision` varchar(100) NOT NULL DEFAULT '',
  `date_revision` datetime DEFAULT NULL,
  PRIMARY KEY (`id_tarea_user`)
) ENGINE=MyISAM AUTO_INCREMENT=2 DEFAULT CHARSET=utf8;

/*Data for the table `na_tareas_users` */

insert  into `na_tareas_users`(`id_tarea_user`,`id_area`,`id_tarea`,`user_tarea`,`file_tarea`,`fecha_tarea`,`revision`,`user_revision`,`date_revision`) values (1,9,10,'admin','1413273083_postal5_quijote.jpeg','2014-10-14 09:51:23',0,'',NULL);

/*Table structure for table `novedades` */

DROP TABLE IF EXISTS `novedades`;

CREATE TABLE `novedades` (
  `cuerpo` longtext NOT NULL,
  `activo` int(1) unsigned NOT NULL DEFAULT '1',
  `canal` varchar(100) NOT NULL DEFAULT '',
  PRIMARY KEY (`canal`)
) ENGINE=MyISAM DEFAULT CHARSET=utf8;

/*Data for the table `novedades` */

insert  into `novedades`(`cuerpo`,`activo`,`canal`) values ('Entra en el reto pinchando <a href=\"http://comunidad.local.com/?page=cuestionario&amp;id=14\" target=\"_blank\">aqui</a>',1,'comercial'),('<p>Proin sed blandit ante. <strong>Vivamus</strong> et eros non urna sagittis tincidunt at a augue. <a href=\"http://www.google.com\">Aenean</a> eu pharetra ligula, congue hendrerit felis.</p>\r\n<p>Aliquam sit amet est non odio sagittis viverra. Vivamus congue ante massa, sit amet convallis turpis laoreet in. Curabitur vitae semper sem. Aliquam id augue eu neque ornare scelerisque et iaculis risus.</p>',1,'gerente');

/*Table structure for table `pages` */

DROP TABLE IF EXISTS `pages`;

CREATE TABLE `pages` (
  `page_name` varchar(100) NOT NULL,
  `page_content` longtext,
  PRIMARY KEY (`page_name`)
) ENGINE=MyISAM DEFAULT CHARSET=utf8;

/*Data for the table `pages` */

insert  into `pages`(`page_name`,`page_content`) values ('declaracion','<h2>Declaraci&oacute;n de derechos y responsabilidades</h2>\r\n	Esta Declaraci&oacute;n de derechos y responsabilidades rige nuestra relaci&oacute;n con los usuarios y con todos aquellos que interact&uacute;an en www.actytukiabi.com. Al utilizar o acceder a www.actytukiabi.com muestras tu conformidad con la presente Declaraci&oacute;n.<br />\r\n	<br />\r\n	1. Privacidad<br />\r\n	Tu privacidad es muy importante para nosotros. Hemos dise&ntilde;ado nuestra Pol&iacute;tica de Privacidad para ayudarte a comprender c&oacute;mo puedes usar comunidadsiempremas.com para compartir informaci&oacute;n con otras personas y c&oacute;mo recopilamos y usamos tu informaci&oacute;n. Te animamos a que leas nuestra Pol&iacute;tica de privacidad y a que la utilices para poder tomar decisiones fundamentadas.<br />\r\n	<br />\r\n	2. Compartir el contenido y la informaci&oacute;n<br />\r\n	Eres el propietario de todo el contenido y la informaci&oacute;n que publicas en www.actitukiabi.com. Adem&aacute;s:<br />\r\n	<br />\r\n	1. Para el contenido protegido por derechos de propiedad intelectual, como fotograf&iacute;as y v&iacute;deos (en adelante, &quot;contenido de PI&quot;), nos concedes espec&iacute;ficamente el siguiente permiso: nos concedes una licencia no exclusiva, transferible, con posibilidad de ser sub-otorgada, sin royalties, aplicable globalmente, para utilizar cualquier contenido de PI que publiques en www.actitukiabi.com<br />\r\n	<br />\r\n	2. Cuando eliminas contenido de PI, &eacute;ste es borrado de forma similar a cuando vac&iacute;as la papelera o papelera de reciclaje de tu equipo inform&aacute;tico. No obstante, entiendes que es posible que el contenido eliminado permanezca en copias de seguridad durante un plazo de tiempo razonable (si bien no estar&aacute; disponible para terceros).<br />\r\n	<br />\r\n	3. Siempre valoramos tus comentarios o sugerencias acerca de www.actitukiabi.com, pero debes entender que podr&iacute;amos utilizarlos sin obligaci&oacute;n de compensarte por ello (del mismo modo que t&uacute; no tienes obligaci&oacute;n de ofrecerlos).<br />\r\n	<br />\r\n	3. Seguridad<br />\r\n	Hacemos todo lo posible para hacer que www.actitukiabi.comsea un sitio seguro, pero no podemos garantizarlo. Necesitamos tu ayuda para lograrlo, lo que implica los siguientes compromisos:<br />\r\n	<br />\r\n	1. No enviar&aacute;s ni publicar&aacute;s de ning&uacute;n otro modo comunicaciones comerciales no autorizadas (como correo no deseado) en www.actitukiabi.com<br />\r\n	<br />\r\n	2. No participar&aacute;s en marketing multinivel ilegal, como el de tipo piramidal, en www.actitukiabi.com.<br />\r\n	<br />\r\n	3. No cargar&aacute;s virus ni c&oacute;digo malintencionado de ning&uacute;n tipo.<br />\r\n	<br />\r\n	4. No solicitar&aacute;s informaci&oacute;n de inicio de sesi&oacute;n ni acceder&aacute;s a una cuenta perteneciente a otro usuario.<br />\r\n	<br />\r\n	5. No molestar&aacute;s, intimidar&aacute;s ni acosar&aacute;s a ning&uacute;n usuario.<br />\r\n	<br />\r\n	6. No publicar&aacute;s contenido que resulte hiriente, intimidatorio o pornogr&aacute;fico, que incite a la violencia o que contenga desnudos o violencia gr&aacute;fica o injustificada.<br />\r\n	<br />\r\n	7. No ofrecer&aacute;s ning&uacute;n concurso, regalo ni apuesta (colectivamente, &quot;promoci&oacute;n&quot;) sin nuestro consentimiento previo por escrito. Si damos nuestro consentimiento, tendr&aacute;s completa responsabilidad de la promoci&oacute;n y seguir&aacute;s nuestras normas de las promociones y cumplir&aacute;s todas las leyes aplicables.<br />\r\n	<br />\r\n	8. No utilizar&aacute;s www.actitukiabi.compara actos il&iacute;citos, enga&ntilde;osos, malintencionados o discriminatorios.<br />\r\n	<br />\r\n	9. No realizar&aacute;s ninguna acci&oacute;n que pudiera inhabilitar, sobrecargar o afectar al funcionamiento correcto de www.actytukiabi.com, como, por ejemplo, un ataque de denegaci&oacute;n de servicio.<br />\r\n	<br />\r\n	10. No facilitar&aacute;s ni fomentar&aacute;s la violaci&oacute;n de esta Declaraci&oacute;n.<br />\r\n	<br />\r\n	11. No compartir&aacute;s la contrase&ntilde;a, no dejar&aacute;s que otra persona acceda a tu cuenta, ni har&aacute;s cualquier cosa que pueda poner en peligro la seguridad de tu cuenta.<br />\r\n	<br />\r\n	12. No transferir&aacute;s la cuenta (incluida cualquier p&aacute;gina o aplicaci&oacute;n que administres) a nadie sin nuestro consentimiento previo por escrito.<br />\r\n	<br />\r\n	13. Si seleccionas un nombre de usuario para tu cuenta, nos reservamos el derecho a eliminarlo o reclamarlo si lo consideramos oportuno.<br />\r\n	<br />\r\n	4. Protecci&oacute;n de los derechos de otras personas<br />\r\n	Respetamos los derechos de otras personas y esperamos que t&uacute; hagas lo mismo.<br />\r\n	<br />\r\n	1. No publicar&aacute;s contenido ni realizar&aacute;s ninguna acci&oacute;n en www.actytukiabi.com que infrinja o viole los derechos de otros o que viole la ley de alg&uacute;n modo.<br />\r\n	<br />\r\n	2. Podemos retirar cualquier contenido o informaci&oacute;n que publiques en www.actytukiabi.com si consideramos que viola esta Declaraci&oacute;n.<br />\r\n	<br />\r\n	3. Si infringes repetidamente los derechos de propiedad intelectual de otra persona, desactivaremos tu cuenta si es oportuno.<br />\r\n	<br />\r\n	4. No utilizar&aacute;s nuestros copyrights o marcas registradas (incluidos Kiabi, los logotipos de Kiabi) ni ninguna marca que se parezca a las nuestras sin nuestro permiso por escrito.<br />\r\n	<br />\r\n	5. No publicar&aacute;s los documentos de identificaci&oacute;n ni informaci&oacute;n financiera de nadie en www.actytukiabi.com<br />\r\n	<br />\r\n	Si seleccionas un nombre de usuario para tu cuenta, nos reservamos el derecho a eliminarlo o reclamarlo si lo consideramos oportuno (por ejemplo, si el propietario de una marca comercial se queja por un nombre de usuario que no est&aacute; relacionado estrechamente con el nombre real del usuario).<br />\r\n	<br />\r\n	5. Definiciones<br />\r\n	1. El t&eacute;rmino &quot;actytu&quot; se refiere a las funciones y servicios que proporcionamos, incluidos los que se ofrecen a trav&eacute;s de (a) nuestro sitio web en www.actytukiabi.com y versiones m&oacute;viles; (b) nuestra Plataforma; (c) plugins sociales, como el bot&oacute;n &quot;Me gusta&quot;,.<br />\r\n	<br />\r\n	2. El t&eacute;rmino &quot;Plataforma&quot; se refiere al conjunto de API y servicios que permiten que otras personas, incluidos los desarrolladores de aplicaciones y los operadores de sitios web, recuperen datos de actytu o nos los proporcionen a nosotros.<br />\r\n	<br />\r\n	3. El t&eacute;rmino &quot;informaci&oacute;n&quot; se refiere a los hechos y otra informaci&oacute;n sobre ti, incluidas las acciones que realizas.<br />\r\n	<br />\r\n	4. El t&eacute;rmino &quot;contenido&quot; se refiere a todo lo que publicas en www.actytukiabi.com que no se incluye en la definici&oacute;n de &quot;informaci&oacute;n&quot;.<br />\r\n	<br />\r\n	5. El t&eacute;rmino &quot;datos&quot; se refiere al contenido y la informaci&oacute;n que pueden recuperar terceros de www.actytukiabi.com o proporcionan a actytu a trav&eacute;s de la plataforma.<br />\r\n	<br />\r\n	6. El t&eacute;rmino &quot;publicar&quot; significa publicar en www.actytukiabi.com.<br />\r\n	<br />\r\n	7. Por &quot;usar&quot; se entiende utilizar, copiar, reproducir o mostrar p&uacute;blicamente, distribuir, modificar, traducir y crear obras derivadas.\r\n'),('manifest','<h2>\r\n	T&eacute;rminos y condiciones</h2>\r\nEsta Declaraci&oacute;n de derechos y responsabilidades rige nuestra relaci&oacute;n con los usuarios y con todos aquellos que interact&uacute;an en www.actytukiabi.com. Al utilizar o acceder a www.actytukiabi.com muestras tu conformidad con la presente Declaraci&oacute;n.<br />\r\n<br />\r\n1. Privacidad<br />\r\nTu privacidad es muy importante para nosotros. Hemos dise&ntilde;ado nuestra Pol&iacute;tica de Privacidad para ayudarte a comprender c&oacute;mo puedes usar comunidadsiempremas.com para compartir informaci&oacute;n con otras personas y c&oacute;mo recopilamos y usamos tu informaci&oacute;n. Te animamos a que leas nuestra Pol&iacute;tica de privacidad y a que la utilices para poder tomar decisiones fundamentadas.<br />\r\n<br />\r\n2. Compartir el contenido y la informaci&oacute;n<br />\r\nEres el propietario de todo el contenido y la informaci&oacute;n que publicas en www.actitukiabi.com. Adem&aacute;s:<br />\r\n<br />\r\n1. Para el contenido protegido por derechos de propiedad intelectual, como fotograf&iacute;as y v&iacute;deos (en adelante, &quot;contenido de PI&quot;), nos concedes espec&iacute;ficamente el siguiente permiso: nos concedes una licencia no exclusiva, transferible, con posibilidad de ser sub-otorgada, sin royalties, aplicable globalmente, para utilizar cualquier contenido de PI que publiques en www.actitukiabi.com<br />\r\n<br />\r\n2. Cuando eliminas contenido de PI, &eacute;ste es borrado de forma similar a cuando vac&iacute;as la papelera o papelera de reciclaje de tu equipo inform&aacute;tico. No obstante, entiendes que es posible que el contenido eliminado permanezca en copias de seguridad durante un plazo de tiempo razonable (si bien no estar&aacute; disponible para terceros).<br />\r\n<br />\r\n3. Siempre valoramos tus comentarios o sugerencias acerca de www.actitukiabi.com, pero debes entender que podr&iacute;amos utilizarlos sin obligaci&oacute;n de compensarte por ello (del mismo modo que t&uacute; no tienes obligaci&oacute;n de ofrecerlos).<br />\r\n<br />\r\n3. Seguridad<br />\r\nHacemos todo lo posible para hacer que www.actitukiabi.comsea un sitio seguro, pero no podemos garantizarlo. Necesitamos tu ayuda para lograrlo, lo que implica los siguientes compromisos:<br />\r\n<br />\r\n1. No enviar&aacute;s ni publicar&aacute;s de ning&uacute;n otro modo comunicaciones comerciales no autorizadas (como correo no deseado) en www.actitukiabi.com<br />\r\n<br />\r\n2. No participar&aacute;s en marketing multinivel ilegal, como el de tipo piramidal, en www.actitukiabi.com.<br />\r\n<br />\r\n3. No cargar&aacute;s virus ni c&oacute;digo malintencionado de ning&uacute;n tipo.<br />\r\n<br />\r\n4. No solicitar&aacute;s informaci&oacute;n de inicio de sesi&oacute;n ni acceder&aacute;s a una cuenta perteneciente a otro usuario.<br />\r\n<br />\r\n5. No molestar&aacute;s, intimidar&aacute;s ni acosar&aacute;s a ning&uacute;n usuario.<br />\r\n<br />\r\n6. No publicar&aacute;s contenido que resulte hiriente, intimidatorio o pornogr&aacute;fico, que incite a la violencia o que contenga desnudos o violencia gr&aacute;fica o injustificada.<br />\r\n<br />\r\n7. No ofrecer&aacute;s ning&uacute;n concurso, regalo ni apuesta (colectivamente, &quot;promoci&oacute;n&quot;) sin nuestro consentimiento previo por escrito. Si damos nuestro consentimiento, tendr&aacute;s completa responsabilidad de la promoci&oacute;n y seguir&aacute;s nuestras normas de las promociones y cumplir&aacute;s todas las leyes aplicables.<br />\r\n<br />\r\n8. No utilizar&aacute;s www.actitukiabi.compara actos il&iacute;citos, enga&ntilde;osos, malintencionados o discriminatorios.<br />\r\n<br />\r\n9. No realizar&aacute;s ninguna acci&oacute;n que pudiera inhabilitar, sobrecargar o afectar al funcionamiento correcto de www.actytukiabi.com, como, por ejemplo, un ataque de denegaci&oacute;n de servicio.<br />\r\n<br />\r\n10. No facilitar&aacute;s ni fomentar&aacute;s la violaci&oacute;n de esta Declaraci&oacute;n.<br />\r\n<br />\r\n11. No compartir&aacute;s la contrase&ntilde;a, no dejar&aacute;s que otra persona acceda a tu cuenta, ni har&aacute;s cualquier cosa que pueda poner en peligro la seguridad de tu cuenta.<br />\r\n<br />\r\n12. No transferir&aacute;s la cuenta (incluida cualquier p&aacute;gina o aplicaci&oacute;n que administres) a nadie sin nuestro consentimiento previo por escrito.<br />\r\n<br />\r\n13. Si seleccionas un nombre de usuario para tu cuenta, nos reservamos el derecho a eliminarlo o reclamarlo si lo consideramos oportuno.<br />\r\n<br />\r\n4. Protecci&oacute;n de los derechos de otras personas<br />\r\nRespetamos los derechos de otras personas y esperamos que t&uacute; hagas lo mismo.<br />\r\n<br />\r\n1. No publicar&aacute;s contenido ni realizar&aacute;s ninguna acci&oacute;n en www.actytukiabi.com que infrinja o viole los derechos de otros o que viole la ley de alg&uacute;n modo.<br />\r\n<br />\r\n2. Podemos retirar cualquier contenido o informaci&oacute;n que publiques en www.actytukiabi.com si consideramos que viola esta Declaraci&oacute;n.<br />\r\n<br />\r\n3. Si infringes repetidamente los derechos de propiedad intelectual de otra persona, desactivaremos tu cuenta si es oportuno.<br />\r\n<br />\r\n4. No utilizar&aacute;s nuestros copyrights o marcas registradas (incluidos Kiabi, los logotipos de Kiabi) ni ninguna marca que se parezca a las nuestras sin nuestro permiso por escrito.<br />\r\n<br />\r\n5. No publicar&aacute;s los documentos de identificaci&oacute;n ni informaci&oacute;n financiera de nadie en www.actytukiabi.com<br />\r\n<br />\r\nSi seleccionas un nombre de usuario para tu cuenta, nos reservamos el derecho a eliminarlo o reclamarlo si lo consideramos oportuno (por ejemplo, si el propietario de una marca comercial se queja por un nombre de usuario que no est&aacute; relacionado estrechamente con el nombre real del usuario).<br />\r\n<br />\r\n5. Definiciones<br />\r\n1. El t&eacute;rmino &quot;actytu&quot; se refiere a las funciones y servicios que proporcionamos, incluidos los que se ofrecen a trav&eacute;s de (a) nuestro sitio web en www.actytukiabi.com y versiones m&oacute;viles; (b) nuestra Plataforma; (c) plugins sociales, como el bot&oacute;n &quot;Me gusta&quot;,.<br />\r\n<br />\r\n2. El t&eacute;rmino &quot;Plataforma&quot; se refiere al conjunto de API y servicios que permiten que otras personas, incluidos los desarrolladores de aplicaciones y los operadores de sitios web, recuperen datos de actytu o nos los proporcionen a nosotros.<br />\r\n<br />\r\n3. El t&eacute;rmino &quot;informaci&oacute;n&quot; se refiere a los hechos y otra informaci&oacute;n sobre ti, incluidas las acciones que realizas.<br />\r\n<br />\r\n4. El t&eacute;rmino &quot;contenido&quot; se refiere a todo lo que publicas en www.actytukiabi.com que no se incluye en la definici&oacute;n de &quot;informaci&oacute;n&quot;.<br />\r\n<br />\r\n5. El t&eacute;rmino &quot;datos&quot; se refiere al contenido y la informaci&oacute;n que pueden recuperar terceros de www.actytukiabi.com o proporcionan a actytu a trav&eacute;s de la plataforma.<br />\r\n<br />\r\n6. El t&eacute;rmino &quot;publicar&quot; significa publicar en www.actytukiabi.com.<br />\r\n<br />\r\n7. Por &quot;usar&quot; se entiende utilizar, copiar, reproducir o mostrar p&uacute;blicamente, distribuir, modificar, traducir y crear obras derivadas. '),('policy','<h2>\r\n	Pol&iacute;tica de privacidad</h2>\r\n1. Introducci&oacute;n<br />\r\nPreguntas. Si tienes alguna pregunta o duda sobre nuestra pol&iacute;tica de privacidad, ponte en contacto con nuestro equipo de privacidad enviando un mail a Info@actytukiabi.com<br />\r\n<br />\r\n&Aacute;mbito. La presente pol&iacute;tica de privacidad incluye el portal www.actytukiabi.com al completo.<br />\r\n<br />\r\n2. Informaci&oacute;n que recibimos<br />\r\nInformaci&oacute;n que nos env&iacute;as:<br />\r\n<br />\r\nInformaci&oacute;n sobre ti. Cuando te registras en la comunidad de Kiabi, nos facilitas tu nombre, correo electr&oacute;nico y fecha de nacimiento. Tambi&eacute;n podr&aacute;s a&ntilde;adir una foto.<br />\r\n<br />\r\nLos datos personales recabados en el presente formulario ser&aacute;n objeto de tratamiento en un fichero responsabilidad de Espa&ntilde;a KSCE, S.A. cuya finalidad ser&aacute; la gesti&oacute;n de cursos de formaci&oacute;n y eventos que puedan resultar de su inter&eacute;s y el intercambio de informaci&oacute;n de car&aacute;cter profesional. La entrega de todos los datos requeridos en el presente formulario es obligatoria, puesto que dichos datos son imprescindibles para cumplir con las finalidades indicadas anteriormente.<br />\r\n<br />\r\nUsted podr&aacute; ejercitar sus derechos de acceso, rectificaci&oacute;n, cancelaci&oacute;n y/u oposici&oacute;n, dirigiendo una comunicaci&oacute;n firmada por el titular de los datos a la direcci&oacute;n de correo electr&oacute;nico info@actytukiabi.com, ref. &quot;Actytu&quot;, adjuntando copia legible de su DNI e indicando la petici&oacute;n en que se concreta su solicitud y la direcci&oacute;n a la que Espa&ntilde;a KSCE, S.A pueda remitirle la confirmaci&oacute;n de haber cumplido con su solicitud, o en su caso, los motivos que le impiden llevarla a cabo plenamente.<br />\r\n<br />\r\nContenido. Una de las finalidades principales del uso de la comunidad actytu es compartir contenido referente al cambio de actitud ante el cliente, con los dem&aacute;s comerciales.<br />\r\n<br />\r\nInformaci&oacute;n que recopilamos cuando interact&uacute;as en actytu:<br />\r\n<br />\r\nInformaci&oacute;n sobre la actividad en el sitio web. Realizamos un seguimiento de las acciones que llevas a cabo en actytu como indicar que &quot;te gusta&quot; una publicaci&oacute;n, o cuando compartes videos, fotos o comentarios en cada una de las secciones del portal.<br />\r\n<br />\r\n3. Compartir informaci&oacute;n en actytu<br />\r\nNombre y foto del perfil. Ha sido dise&ntilde;ado para que te resulte sencillo encontrar y modificar los campos de nick, foto o estado. Si no quieres compartir la foto de tu perfil, debes eliminarla (o no a&ntilde;adir ninguna).<br />\r\n<br />\r\n4. C&oacute;mo utilizamos tu informaci&oacute;n<br />\r\nUtilizamos la informaci&oacute;n que recopilamos para tratar de ofrecerte una experiencia segura, eficaz y personalizada. A continuaci&oacute;n, incluimos algunos datos sobre c&oacute;mo lo hacemos:<br />\r\n<br />\r\nPara gestionar el servicio. Utilizamos la informaci&oacute;n que recopilamos para ofrecerte nuestros servicios y funciones, evaluarlos y mejorarlos y prestarte servicio t&eacute;cnico. Empleamos la informaci&oacute;n para impedir actividades que podr&iacute;an ser ilegales y para aplicar nuestra Declaraci&oacute;n de Derechos y Responsabilidades. Estos esfuerzos pueden provocar, en ocasiones, el fin o la suspensi&oacute;n temporal o permanente de algunas funciones para algunos usuarios.<br />\r\n<br />\r\nPara ponernos en contacto contigo. Ocasionalmente, podemos ponernos en contacto contigo para informarte de anuncios relativos a servicios.<br />\r\n<br />\r\n6. C&oacute;mo puedes cambiar eliminar informaci&oacute;n<br />\r\nEdici&oacute;n de tu perfil. Puedes cambiar o eliminar la informaci&oacute;n de tu perfil en cualquier momento yendo a tu perfil y haciendo clic en &quot;Editar mi perfil&quot;. La informaci&oacute;n se actualizar&aacute; de inmediato.<br />\r\n<br />\r\n7. C&oacute;mo protegemos la informaci&oacute;n<br />\r\nHacemos todo lo posible para mantener a salvo tu informaci&oacute;n, pero necesitamos tu ayuda.<br />\r\n<br />\r\nMedidas que tomamos para mantener a salvo su informaci&oacute;n. Mantenemos la informaci&oacute;n de tu cuenta en un servidor protegido con un firewall. Cuando introduces informaci&oacute;n confidencial (por ejemplo, contrase&ntilde;as). Tambi&eacute;n utilizamos medidas sociales y automatizadas para aumentar la seguridad (como el an&aacute;lisis de la actividad de la cuenta), podemos limitar el uso de funciones del sitio web en respuesta a posibles signos de abuso, podemos eliminar contenido inadecuado o enlaces a contenido ilegal, y podemos suspender o desactivar cuentas por si hubiera violaciones de nuestra Declaraci&oacute;n de Derechos y Responsabilidades.<br />\r\n<br />\r\nRiesgos inherentes a compartir informaci&oacute;n. Aunque te permitimos definir opciones de privacidad que limiten el acceso a tu informaci&oacute;n, ten en cuenta que ninguna medida de seguridad es perfecta ni impenetrable. No podemos controlar las acciones de otros usuarios con los que compartas informaci&oacute;n. No podemos garantizar que s&oacute;lo vean tu informaci&oacute;n personas autorizadas. No podemos garantizar que la informaci&oacute;n que compartas en comunidadsiempremas.com no pase a estar disponible p&uacute;blicamente. No somos responsables de que ning&uacute;n tercero burle cualquier configuraci&oacute;n de la privacidad o medidas de seguridad en www.actytukiabi.com. Puedes reducir estos riesgos utilizando h&aacute;bitos de seguridad de sentido com&uacute;n como elegir una contrase&ntilde;a segura, utilizar contrase&ntilde;as diferentes para servicios diferentes y emplear software antivirus actualizado.<br />\r\n<br />\r\nInformar de incumplimientos. Deber&iacute;as informarnos de cualquier incumplimiento de la seguridad escribi&eacute;ndonos a info@actytukiabi.com<br />\r\n<br />\r\n9. Otras condiciones<br />\r\nCambios. Podemos cambiar esta Pol&iacute;tica de privacidad conforme a los procedimientos se&ntilde;alados en la Declaraci&oacute;n de Derechos y Responsabilidades. Salvo indicaci&oacute;n en contrario, nuestra pol&iacute;tica de privacidad en vigor se aplica a toda la informaci&oacute;n que tenemos sobre ti y tu cuenta. Si realizamos cambios en esta Pol&iacute;tica de privacidad, te lo notificaremos public&aacute;ndolo aqu&iacute; y en la p&aacute;gina www.actytukiabi.com. Si los cambios son sustanciales, mostraremos un aviso prominente si las circunstancias lo requieren. '),('nueva','<h2>\r\n	T&iacute;tulo de la nueva p&aacute;gina</h2>\r\nla nueva p&aacute;gina 2 y con un poco m&aacute;s de texto de relleno.<br />\r\n<br />\r\n<ul>\r\n	<li>\r\n		Opci&oacute;n 1 de la lista</li>\r\n	<li>\r\n		La opci&oacute;n 2 de la lista</li>\r\n	<li>\r\n		Una tercera opci&oacute;n para la lista de la p&aacute;gina</li>\r\n</ul>\r\nUn poco m&aacute;s de texto para continuar un nuevo parrafo en la p&aacute;gina.'),('reto','<p style=\"text-align: justify; margin: 0px 0px 14px; padding: 0px; color: rgb(0, 0, 0); font-family: Arial, Helvetica, sans;\">\r\n	Lorem ipsum dolor sit amet, consectetur adipiscing elit. Nam tempus ultrices auctor. Nunc a arcu nisl. Sed ullamcorper varius mi facilisis facilisis. Duis porta venenatis erat, eu malesuada lorem ultrices quis. Duis quam mi, vulputate sit amet ultrices eget, aliquam in felis. Nulla ut efficitur urna. Donec posuere, libero sed fermentum volutpat, nisl ante egestas sapien, non commodo metus felis sed libero.</p>\r\n<p style=\"text-align: justify; margin: 0px 0px 14px; padding: 0px; color: rgb(0, 0, 0); font-family: Arial, Helvetica, sans;\">\r\n	Vivamus ac metus eget nisi posuere ullamcorper. Proin laoreet elit vel arcu placerat gravida. Curabitur facilisis dui tortor, finibus tincidunt erat ullamcorper in. Maecenas vehicula enim a mattis vulputate. Nulla vel urna metus. Pellentesque vitae velit ipsum. Aenean nec erat velit. Aliquam sed turpis metus. Nullam a nisl sit amet felis aliquam interdum ut eu magna. Morbi condimentum ut felis aliquam faucibus. Nulla ac mi lectus. Mauris ut hendrerit massa. Donec laoreet sit amet sapien quis luctus. Sed fringilla sem non efficitur facilisis. Suspendisse mollis dui eu urna varius, et semper quam imperdiet. In interdum feugiat nisl, in ullamcorper lectus porta imperdiet.<br />\r\n	<br />\r\n	<a href=\"http://google.com\">http://google.com</a></p>\r\n');

/*Table structure for table `users` */

DROP TABLE IF EXISTS `users`;

CREATE TABLE `users` (
  `username` varchar(100) NOT NULL DEFAULT '',
  `nick` varchar(100) NOT NULL DEFAULT '',
  `user_password` varchar(200) NOT NULL DEFAULT '' COMMENT 'codificacion sha1',
  `email` varchar(200) NOT NULL DEFAULT '',
  `name` varchar(100) NOT NULL DEFAULT '',
  `surname` varchar(200) NOT NULL DEFAULT '',
  `date_add` timestamp NOT NULL DEFAULT CURRENT_TIMESTAMP,
  `registered` tinyint(1) NOT NULL DEFAULT '1',
  `confirmed` tinyint(1) NOT NULL DEFAULT '0',
  `disabled` tinyint(1) NOT NULL DEFAULT '0',
  `date_disabled` datetime NOT NULL DEFAULT '1970-01-01 00:00:00',
  `canal` varchar(250) NOT NULL DEFAULT '',
  `empresa` varchar(100) NOT NULL DEFAULT '',
  `perfil` varchar(100) NOT NULL DEFAULT '',
  `foto` varchar(250) NOT NULL DEFAULT '',
  `puntos` int(11) NOT NULL DEFAULT '0',
  `participaciones` int(11) NOT NULL DEFAULT '0',
  `user_comentarios` longtext NOT NULL,
  `user_date` date DEFAULT NULL,
  `telefono` varchar(100) NOT NULL DEFAULT '',
  `last_access` datetime DEFAULT NULL,
  PRIMARY KEY (`username`),
  KEY `email` (`email`)
) ENGINE=MyISAM DEFAULT CHARSET=utf8;

/*Data for the table `users` */

insert  into `users`(`username`,`nick`,`user_password`,`email`,`name`,`surname`,`date_add`,`registered`,`confirmed`,`disabled`,`date_disabled`,`canal`,`empresa`,`perfil`,`foto`,`puntos`,`participaciones`,`user_comentarios`,`user_date`,`telefono`,`last_access`) values ('admin','Admin','1234','dnoguera@imagar.com','Administrador','Community','2014-07-16 14:43:05',1,1,0,'1970-01-01 00:00:00','admin','0001','admin','1413585443.jpeg',328,106,'Alegría!!!!!','1975-10-04','','2014-12-02 16:37:19'),('david','DNG','1234','dnoguera@imagar.com','David','Noguera','2014-07-16 14:43:08',1,1,0,'1970-01-01 00:00:00','admin','0002','admin','',25,119,'Hoy me siento bien',NULL,'','2014-12-02 13:52:39'),('borja','Borja','1234','bvilaplana@imagar.com','Borja','Vilaplana','2014-09-16 17:38:00',1,1,0,'1970-01-01 00:00:00','comercial','0003','usuario','',9,0,'',NULL,'',NULL),('pedro','Pedro','1234','pramos@imagar.com','Pedro','Ramos','2014-09-16 17:38:57',1,1,0,'1970-01-01 00:00:00','comercial','0002','usuario','',11,3,'',NULL,'',NULL),('claudio','Claudio','1234','cgonzalez@imagar.com','Claudio','Gonzalez','2014-09-16 17:40:12',1,1,0,'1970-01-01 00:00:00','gerente','0003','usuario','',6,0,'',NULL,'',NULL),('20266370N','DavidN','1234','dnoguera@imagar.com','David','Noguera Gutierrez','2014-11-03 16:49:56',1,1,0,'2014-11-29 01:58:42','comercial','0001','usuario','',1,0,'',NULL,'','2014-11-19 11:12:12'),('dmarchante','DavidM','1234','dmarchante@imagar.com','David','Marchante','2014-09-17 09:32:54',1,1,0,'1970-01-01 00:00:00','comercial','0002','usuario','',3,0,'',NULL,'',NULL),('senen','Senén','1234','shermida@imagar.com','Senén','Hermida','2014-09-17 09:33:27',1,1,0,'1970-01-01 00:00:00','gerente','0002','usuario','',6,0,'',NULL,'',NULL),('dgarcia','Dsan','1234','dgarcia@imagar.com','Daniel','García','2014-09-17 09:34:47',1,1,0,'1970-01-01 00:00:00','comercial','0003','usuario','',8,0,'',NULL,'',NULL),('dramos','Flores','1234','dramos@imagar.com','David','Ramos','2014-10-09 08:54:15',1,1,0,'1970-01-01 00:00:00','comercial','0001','usuario','',10,0,'',NULL,'',NULL),('jgonzalez','Javi','1234','jgonzalez','Javier','Gonzalez','2014-10-09 08:55:16',1,1,0,'1970-01-01 00:00:00','comercial','0002','usuario','',3,0,'',NULL,'',NULL),('cgomez','Carlos','1234','cgomez@imagar.com','Carlos','Gómez','2014-10-09 08:56:09',1,1,0,'1970-01-01 00:00:00','comercial','0003','usuario','',1,0,'',NULL,'',NULL),('dcancho','Cancho','1234','ccancho@imagar.com','Daniel','Cancho','2014-10-09 08:57:53',1,1,0,'1970-01-01 00:00:00','comercial','0001','usuario','',1,0,'',NULL,'',NULL);

/*Table structure for table `users_connected` */

DROP TABLE IF EXISTS `users_connected`;

CREATE TABLE `users_connected` (
  `username` varchar(100) NOT NULL,
  `connection_canal` varchar(100) NOT NULL DEFAULT '',
  `connection_time` timestamp NOT NULL DEFAULT CURRENT_TIMESTAMP,
  PRIMARY KEY (`username`)
) ENGINE=MyISAM DEFAULT CHARSET=utf8;

/*Data for the table `users_connected` */

insert  into `users_connected`(`username`,`connection_canal`,`connection_time`) values ('david','admin','2014-12-02 15:04:30'),('admin','admin','2014-12-02 16:37:19'),('08932984Z','comercial','2014-10-17 11:50:19');

/*Table structure for table `users_participaciones` */

DROP TABLE IF EXISTS `users_participaciones`;

CREATE TABLE `users_participaciones` (
  `id_participacion` int(11) unsigned NOT NULL AUTO_INCREMENT,
  `participacion_username` varchar(100) CHARACTER SET utf8 NOT NULL DEFAULT '',
  `participacion_motivo` varchar(250) CHARACTER SET utf8 NOT NULL DEFAULT '',
  `participacion_date` timestamp NOT NULL DEFAULT CURRENT_TIMESTAMP,
  `valor` tinyint(1) NOT NULL DEFAULT '1',
  PRIMARY KEY (`id_participacion`)
) ENGINE=MyISAM AUTO_INCREMENT=195 DEFAULT CHARSET=latin1;

/*Data for the table `users_participaciones` */

insert  into `users_participaciones`(`id_participacion`,`participacion_username`,`participacion_motivo`,`participacion_date`,`valor`) values (1,'admin','Comentario en el foro','2014-02-21 20:07:21',1),(2,'admin','Comentario en el foro','2014-02-21 20:36:50',1),(3,'admin','Comentario en el foro','2014-02-27 12:07:35',1),(4,'admin','Comentario en el foro','2014-03-24 15:58:35',1),(5,'admin','Comentario en el foro','2014-03-25 08:56:05',1),(6,'admin','Comentario en el foro','2014-03-25 08:56:44',1),(7,'admin','Comentario en el foro','2014-03-25 09:02:09',1),(8,'admin','Comentario en el foro','2014-03-25 09:03:34',1),(9,'admin','Comentario en el foro','2014-03-25 09:04:19',1),(10,'admin','Comentario en el foro','2014-03-25 09:04:42',1),(11,'admin','Comentario en el foro','2014-03-25 09:06:38',1),(12,'admin','test','2014-03-26 13:02:34',1),(13,'admin','Comentario en el foro','2014-03-28 10:10:35',1),(14,'admin','Comentario en el foro','2014-04-02 09:40:40',1),(15,'admin','Comentario en el foro','2014-04-02 09:50:24',1),(16,'admin','Comentario en el foro','2014-04-02 09:56:51',1),(17,'admin','Comentario en el foro','2014-04-02 09:57:00',1),(18,'admin','Comentario en el foro','2014-04-02 09:57:47',1),(19,'admin','Comentario en el foro','2014-04-02 10:04:50',1),(20,'admin','Comentario en el foro','2014-04-02 10:05:13',1),(21,'admin','Comentario en el foro','2014-04-02 10:05:23',1),(22,'admin','Comentario en el foro','2014-04-02 10:39:20',1),(23,'admin','Comentario en el foro','2014-04-05 00:14:03',1),(24,'admin','Comentario en el foro','2014-04-08 10:48:55',1),(25,'admin','Comentario en el foro','2014-04-08 10:50:06',1),(26,'20266370N','Comentario en el foro','2014-04-09 15:39:48',1),(27,'admin','Comentario en el foro','2014-05-01 17:42:37',1),(28,'admin','Comentario en el foro','2014-05-01 17:42:37',1),(29,'admin','Comentario en el foro','2014-05-01 17:42:37',1),(30,'admin','Comentario en el foro','2014-05-01 17:44:27',1),(31,'admin','Comentario en el foro','2014-05-01 17:44:27',1),(32,'admin','Comentario en el foro','2014-05-01 17:44:27',1),(33,'admin','Comentario en el foro','2014-05-01 17:44:53',1),(34,'admin','Comentario en el foro','2014-05-01 17:45:01',1),(35,'admin','Comentario en el foro','2014-05-01 17:45:01',1),(36,'admin','Comentario en el foro','2014-05-01 17:45:01',1),(37,'admin','Comentario en el foro','2014-05-01 17:45:01',1),(38,'admin','Comentario en el foro','2014-05-01 17:58:58',1),(39,'admin','Comentario en el foro','2014-05-01 18:19:26',1),(40,'admin','Comentario en el foro','2014-05-01 18:20:07',1),(41,'admin','Comentario en el foro','2014-05-02 11:38:44',1),(42,'admin','Comentario en el foro','2014-05-02 11:40:43',1),(43,'admin','Comentario en el foro','2014-05-02 11:40:48',1),(44,'admin','Comentario en el foro','2014-05-02 11:40:54',1),(45,'admin','Comentario en el foro','2014-05-02 11:41:02',1),(46,'admin','Comentario en el foro','2014-05-02 11:41:16',1),(47,'admin','Comentario en el foro','2014-05-02 11:42:10',1),(48,'admin','Comentario en el foro','2014-05-02 11:42:23',1),(49,'admin','Comentario en el foro','2014-05-02 11:42:37',1),(50,'admin','Comentario en el foro','2014-05-02 11:43:30',1),(51,'admin','Comentario en el foro','2014-05-02 11:56:16',1),(52,'admin','Comentario en el foro','2014-05-02 12:09:40',1),(53,'admin','Comentario en el foro','2014-05-02 12:09:51',1),(54,'admin','Comentario en el foro','2014-05-02 12:10:04',1),(55,'admin','Comentario en el foro','2014-05-02 12:10:18',1),(56,'admin','Comentario en el foro','2014-05-02 12:10:28',1),(57,'admin','Comentario en el foro','2014-05-02 12:11:39',1),(58,'admin','Comentario en el foro','2014-05-02 12:11:52',1),(59,'admin','Comentario en el foro','2014-05-02 12:11:59',1),(60,'admin','Comentario en el foro','2014-05-02 12:12:16',1),(61,'admin','Comentario en el foro','2014-05-02 12:12:27',1),(62,'admin','Comentario en el foro','2014-05-02 12:12:36',1),(63,'admin','Comentario en el foro','2014-05-02 12:12:43',1),(64,'20266370N','Comentario en el foro','2014-05-02 17:13:29',1),(65,'20266370N','Comentario en el foro','2014-05-02 23:32:55',1),(66,'20266370N','Comentario en el foro','2014-05-02 23:35:06',1),(67,'20266370N','Comentario en el foro','2014-05-02 23:36:26',1),(68,'admin','Comentario en el foro','2014-05-05 15:47:23',1),(69,'admin','Comentario en el foro','2014-07-24 13:59:45',1),(70,'admin','Comentario en el foro','2014-07-24 14:00:10',1),(71,'admin','Comentario en el muro','2014-07-29 14:46:12',1),(72,'admin','Comentario en el muro','2014-07-29 14:46:57',1),(73,'admin','Comentario en el muro','2014-07-30 10:44:49',1),(74,'admin','Comentario en el muro','2014-07-30 10:44:52',1),(75,'admin','Comentario en el muro','2014-07-30 10:44:55',1),(76,'admin','Comentario en el muro','2014-07-30 10:44:59',1),(77,'admin','Comentario en el muro','2014-07-30 11:57:02',-1),(78,'admin','Subida de foto','2014-09-10 11:15:27',1),(79,'admin','Comentario en el foro','2014-09-10 14:10:13',1),(80,'admin','Subida de foto','2014-09-15 13:35:46',1),(81,'admin','Comentario en el muro','2014-09-18 10:31:00',1),(82,'david','Comentario en el muro','2014-09-18 16:21:26',1),(83,'david','Comentario en el muro','2014-09-23 12:47:45',1),(84,'david','Comentario en el muro','2014-09-23 12:47:50',1),(85,'admin','Comentario en el muro','2014-09-23 12:48:19',1),(86,'admin','Subida de foto','2014-09-23 16:30:54',1),(87,'admin','Subida de foto','2014-09-23 16:32:32',1),(88,'admin','Subida de foto','2014-09-23 16:55:19',1),(89,'admin','Subida de foto','2014-09-23 17:02:14',1),(90,'admin','Subida de foto','2014-09-23 17:02:17',1),(91,'admin','Subida de foto','2014-09-23 17:02:21',1),(92,'admin','Subida de foto','2014-09-23 17:02:25',1),(93,'admin','Subida de foto','2014-09-24 10:13:25',1),(94,'admin','Subida de foto','2014-09-24 10:16:37',1),(95,'admin','Subida de foto','2014-09-24 10:20:55',1),(96,'admin','Subida de foto','2014-09-24 10:23:18',1),(97,'admin','Subida de foto','2014-09-24 10:23:22',1),(98,'admin','Subida de foto','2014-09-24 10:25:13',1),(99,'admin','Subida de foto','2014-09-24 10:25:16',1),(100,'admin','Subida de foto','2014-09-24 11:02:16',1),(101,'admin','Subida de foto','2014-09-24 11:05:26',1),(102,'admin','Subida de foto','2014-09-24 11:05:34',1),(103,'admin','Subida de foto','2014-09-24 11:05:38',1),(104,'admin','Subida de foto','2014-09-24 11:05:44',1),(105,'admin','Subida de foto','2014-09-24 15:46:01',1),(106,'admin','Subida de foto','2014-09-24 15:46:06',1),(107,'admin','Subida de foto','2014-09-24 15:46:12',1),(108,'admin','Subida de foto','2014-09-24 15:46:18',1),(109,'admin','Subida de foto','2014-09-24 15:46:23',1),(110,'admin','Subida de foto','2014-09-24 15:46:31',1),(111,'admin','Subida de foto','2014-09-24 15:46:38',1),(112,'admin','Subida de foto','2014-09-24 15:59:07',1),(113,'admin','Subida de foto','2014-09-24 15:59:13',1),(114,'admin','Subida de foto','2014-09-24 15:59:23',1),(115,'admin','Subida de foto','2014-09-24 15:59:30',1),(116,'admin','Subida de foto','2014-09-24 15:59:36',1),(117,'admin','Subida de foto','2014-09-24 16:05:46',1),(118,'admin','Subida de foto','2014-09-24 16:05:52',1),(119,'admin','Subida de foto','2014-09-24 16:06:02',1),(120,'admin','Subida de foto','2014-09-24 16:06:11',1),(121,'admin','Subida de foto','2014-09-24 16:06:18',1),(122,'admin','Subida de foto','2014-09-24 16:06:22',1),(123,'admin','Subida de foto','2014-09-24 16:06:29',1),(124,'admin','Subida de foto','2014-09-24 16:08:32',1),(125,'admin','Subida de foto','2014-09-24 16:08:43',1),(126,'admin','Subida de foto','2014-09-24 16:08:49',1),(127,'admin','Subida de foto','2014-09-24 16:18:56',1),(128,'admin','Subida de foto','2014-09-24 16:19:03',1),(129,'admin','Subida de foto','2014-09-24 16:19:09',1),(130,'admin','Subida de foto','2014-09-24 16:19:15',1),(131,'admin','Subida de foto','2014-09-24 16:19:21',1),(132,'admin','Subida de foto','2014-09-24 16:19:27',1),(133,'admin','Subida de foto','2014-09-24 16:19:32',1),(134,'admin','Subida de foto','2014-09-24 16:19:37',1),(135,'admin','Subida de foto','2014-09-24 16:19:42',1),(136,'admin','Subida de foto','2014-09-24 16:19:48',1),(137,'admin','Subida de foto','2014-09-24 16:19:54',1),(138,'admin','Comentario en el foro','2014-09-26 12:38:16',1),(139,'admin','Comentario en el foro','2014-09-26 12:38:34',1),(140,'admin','Comentario en el foro','2014-09-26 12:38:45',1),(141,'admin','Subida de foto','2014-09-26 14:09:42',1),(142,'admin','Subida de foto','2014-09-26 14:09:52',1),(143,'admin','Comentario en el foro','2014-09-29 13:50:51',1),(144,'admin','Comentario en el foro','2014-09-29 13:51:12',1),(145,'david','Comentario en el muro','2014-09-29 18:01:26',1),(146,'admin','Comentario en el foro','2014-09-30 10:33:54',1),(147,'admin','Comentario en el foro','2014-09-30 10:34:17',1),(148,'admin','Comentario en el foro','2014-09-30 10:35:04',1),(149,'admin','Comentario en el foro','2014-09-30 10:37:20',1),(150,'admin','Comentario en el foro','2014-09-30 10:40:52',1),(151,'admin','Comentario en el foro','2014-10-03 10:40:18',1),(152,'admin','Comentario en el foro','2014-10-03 10:42:31',1),(153,'admin','Comentario en el foro','2014-10-09 11:51:16',1),(154,'admin','Comentario en el foro','2014-10-09 11:51:26',1),(155,'admin','Comentario en el foro','2014-10-09 11:51:35',1),(156,'admin','Comentario en el foro','2014-10-09 16:44:03',1),(157,'admin','Comentario en el foro','2014-10-09 18:19:07',1),(158,'admin','Comentario en el foro','2014-10-10 12:19:59',1),(159,'admin','Comentario en el foro','2014-10-10 12:28:39',1),(160,'admin','Comentario en el foro','2014-10-10 15:07:12',1),(161,'david','Comentario en el foro','2014-10-11 18:14:19',1),(162,'david','Comentario en el muro','2014-10-12 01:33:45',1),(163,'david','Comentario en el muro','2014-10-12 01:35:53',1),(164,'pedro','Finalización del curso','2014-10-14 14:01:16',1),(165,'ADMIN','Porque s','2014-10-14 14:13:00',-1),(166,'PEDRO','Finalizaci','2014-10-14 14:13:00',1),(167,'ADMIN','Porque s','2014-10-14 14:13:51',-1),(168,'PEDRO','Finalizaci','2014-10-14 14:13:51',1),(169,'admin','Comentario en el foro','2014-10-15 12:27:11',1),(170,'admin','Comentario en el muro','2014-10-17 17:04:53',1),(171,'admin','Comentario en el foro','2014-10-22 17:49:41',1),(172,'admin','Comentario en el foro','2014-10-23 13:44:35',1),(173,'admin','Comentario en el foro','2014-10-24 11:39:22',1),(174,'admin','Comentario en el foro','2014-10-24 11:39:35',1),(175,'admin','Comentario en el foro','2014-11-07 12:16:15',1),(176,'admin','Comentario en el foro','2014-11-28 13:09:42',1),(177,'admin','Comentario en el foro','2014-11-28 13:10:34',1),(178,'admin','Comentario en el foro','2014-11-28 13:11:23',1),(179,'admin','Comentario en el foro','2014-11-28 13:11:34',1),(180,'admin','Comentario en el foro','2014-11-28 13:11:59',1),(181,'admin','Comentario en el foro','2014-11-28 13:14:44',1),(182,'admin','Comentario en el foro','2014-11-28 13:16:18',1),(183,'david','Comentario en el muro','2014-11-28 13:16:59',1),(184,'david','Comentario en el foro','2014-11-28 13:17:29',1),(185,'admin','Comentario en el foro','2014-11-28 13:19:17',1),(186,'admin','Comentario en el foro','2014-11-28 13:20:58',1),(187,'david','Comentario en el foro','2014-11-28 14:09:56',1),(188,'david','Comentario en el foro','2014-11-28 18:02:25',1),(189,'admin','Comentario en el muro','2014-11-28 18:18:53',1),(190,'admin','Comentario en el foro','2014-11-28 18:20:19',1),(191,'admin','Comentario en el foro','2014-11-28 18:21:22',1),(192,'admin','Comentario en el foro','2014-11-28 18:22:18',1),(193,'admin','Comentario en el foro','2014-11-28 18:23:54',1),(194,'admin','Comentario en el foro','2014-11-28 20:06:41',1);

/*Table structure for table `users_permissions` */

DROP TABLE IF EXISTS `users_permissions`;

CREATE TABLE `users_permissions` (
  `username` varchar(100) NOT NULL,
  `pagename` varchar(255) NOT NULL,
  `permission_type` varchar(20) NOT NULL,
  `permission_type_value` tinyint(1) DEFAULT NULL,
  PRIMARY KEY (`username`,`pagename`,`permission_type`)
) ENGINE=MyISAM DEFAULT CHARSET=latin1;

/*Data for the table `users_permissions` */

insert  into `users_permissions`(`username`,`pagename`,`permission_type`,`permission_type_value`) values ('20266370N','admin-albumes','edit',0),('20266370N','admin-albumes','view',0),('20266370N','admin-albumes-new','edit',0),('20266370N','admin-albumes-new','view',0),('20266370N','admin-blog','edit',0),('20266370N','admin-blog','view',0),('20266370N','admin-blog-foro','edit',0),('20266370N','admin-blog-foro','view',0),('20266370N','admin-blog-new','edit',0),('20266370N','admin-blog-new','view',0),('20266370N','admin-campaign','edit',0),('20266370N','admin-campaign','view',0),('20266370N','admin-campaigns','edit',0),('20266370N','admin-campaigns','view',0),('20266370N','admin-campaigns-type','edit',0),('20266370N','admin-campaigns-type','view',0),('20266370N','admin-campaigns-types','edit',0),('20266370N','admin-campaigns-types','view',0),('20266370N','admin-fotos-comentarios','edit',0),('20266370N','admin-fotos-comentarios','view',0),('20266370N','admin-validacion-fotos','edit',0),('20266370N','admin-validacion-fotos','view',0),('20266370N','blog','edit',1),('20266370N','blog','view',1),('20266370N','blog-list','edit',1),('20266370N','blog-list','view',1),('20266370N','fotos','edit',1),('20266370N','fotos','view',1),('20266370N','user-campaign','edit',1),('20266370N','user-campaign','view',1),('20266370N','user-campaigns','edit',1),('20266370N','user-campaigns','view',1),('admin','blog','edit',1),('david','admin','view',1),('david','admin-albumes','edit',0),('david','admin-albumes','view',0),('david','admin-albumes-new','edit',0),('david','admin-albumes-new','view',1),('david','admin-area','edit',0),('david','admin-area','view',0),('david','admin-area-docs','edit',0),('david','admin-area-docs','view',0),('david','admin-area-form','edit',0),('david','admin-area-form','view',0),('david','admin-area-grupo','edit',0),('david','admin-area-grupo','view',0),('david','admin-area-revs','edit',0),('david','admin-area-revs','view',0),('david','admin-area-revs-form','edit',0),('david','admin-area-revs-form','view',0),('david','admin-area-tarea-grupo','edit',0),('david','admin-area-tarea-grupo','view',0),('david','admin-areas','edit',0),('david','admin-areas','view',0),('david','admin-blog','edit',0),('david','admin-blog','view',0),('david','admin-blog-foro','edit',0),('david','admin-blog-foro','view',0),('david','admin-blog-new','edit',0),('david','admin-blog-new','view',0),('david','admin-campaign','edit',0),('david','admin-campaign','view',0),('david','admin-campaigns','edit',0),('david','admin-campaigns','view',0),('david','admin-campaigns-type','edit',0),('david','admin-campaigns-type','view',0),('david','admin-campaigns-types','edit',0),('david','admin-campaigns-types','view',0),('david','admin-cargas-users','edit',0),('david','admin-cargas-users','view',0),('david','admin-config','edit',0),('david','admin-config','view',0),('david','admin-cuestionario','edit',0),('david','admin-cuestionario','view',0),('david','admin-cuestionario-revs','edit',0),('david','admin-cuestionario-revs','view',0),('david','admin-cuestionarios','edit',0),('david','admin-cuestionarios','view',0),('david','admin-destacados','edit',1),('david','admin-destacados','view',0),('david','admin-fotos-comentarios','edit',0),('david','admin-fotos-comentarios','view',0),('david','admin-info','edit',0),('david','admin-info','view',0),('david','admin-info-doc','edit',0),('david','admin-info-doc','view',0),('david','admin-informe-accesos','edit',0),('david','admin-informe-accesos','view',0),('david','admin-informe-participaciones','edit',0),('david','admin-informe-participaciones','view',0),('david','admin-informe-puntuaciones','edit',0),('david','admin-informe-puntuaciones','view',0),('david','admin-infotopdf','edit',0),('david','admin-infotopdf','view',0),('david','admin-infotopdf-doc','edit',0),('david','admin-infotopdf-doc','view',0),('david','admin-message','edit',0),('david','admin-message','view',0),('david','admin-messages','edit',0),('david','admin-messages','view',0),('david','admin-modules','edit',0),('david','admin-modules','view',0),('david','admin-novedades','edit',0),('david','admin-novedades','view',0),('david','admin-page','edit',0),('david','admin-page','view',0),('david','admin-pages','edit',0),('david','admin-pages','view',0),('david','admin-puntos','edit',0),('david','admin-puntos','view',0),('david','admin-template','edit',0),('david','admin-template','view',0),('david','admin-templates','edit',0),('david','admin-templates','view',0),('david','admin-user','edit',0),('david','admin-user','view',0),('david','admin-users','edit',0),('david','admin-users','view',0),('david','admin-users-tiendas','edit',0),('david','admin-users-tiendas','view',0),('david','admin-validacion-foro-comentarios','edit',0),('david','admin-validacion-foro-comentarios','view',0),('david','admin-validacion-foro-temas','edit',0),('david','admin-validacion-foro-temas','view',0),('david','admin-validacion-fotos','edit',0),('david','admin-validacion-fotos','view',0),('david','admin-validacion-muro','edit',0),('david','admin-validacion-muro','view',0),('david','admin-validacion-videos','edit',0),('david','admin-validacion-videos','view',0),('david','admin-videos','edit',0),('david','admin-videos','view',0),('david','admin-videos-comentarios','edit',0),('david','admin-videos-comentarios','view',0),('david','areas','edit',1),('david','areas','view',1),('david','areas_det','edit',1),('david','areas_det','view',1),('david','areas_form','edit',1),('david','areas_form','view',1),('david','blog','edit',1),('david','blog','view',1),('david','blog-list','edit',1),('david','blog-list','view',1),('david','cuestionario','edit',1),('david','cuestionario','view',1),('david','foro-comentarios','edit',1),('david','foro-comentarios','view',1),('david','foro-subtemas','edit',1),('david','foro-subtemas','view',1),('david','fotos','edit',1),('david','fotos','view',1),('david','home','view',1),('david','info','edit',1),('david','info','view',1),('david','info-det','edit',1),('david','info-det','view',1),('david','infotopdf','edit',1),('david','infotopdf','view',1),('david','infotopdf-det','edit',1),('david','infotopdf-det','view',1),('david','muro','edit',1),('david','muro','view',1),('david','muro-comentarios','edit',1),('david','muro-comentarios','view',1),('david','muro-comentarios-respuestas','edit',1),('david','muro-comentarios-respuestas','view',1),('david','pagename','edit',1),('david','pagename','view',1),('david','profile_ok','edit',1),('david','profile_ok','view',1),('david','ranking','edit',1),('david','ranking','view',1),('david','ranking-empresas','edit',1),('david','ranking-empresas','view',1),('david','user-campaign','edit',1),('david','user-campaign','view',1),('david','user-campaigns','edit',1),('david','user-campaigns','view',1),('david','user-info','edit',1),('david','user-info','view',1),('david','user-info-all','edit',1),('david','user-info-all','view',1),('david','user-infotopdf','edit',1),('david','user-infotopdf','view',1),('david','user-infotopdf-all','edit',1),('david','user-infotopdf-all','view',1),('david','user-list','edit',1),('david','user-list','view',1),('david','user-lists','edit',1),('david','user-lists','view',1),('david','user-message','edit',1),('david','user-message','view',1),('david','user-message-preview','edit',1),('david','user-message-preview','view',1),('david','user-messages','edit',1),('david','user-messages','view',1),('david','user-perfil','edit',1),('david','user-perfil','view',1),('david','user-templates','edit',1),('david','user-templates','view',1),('david','users-conn','edit',1),('david','users-conn','view',1),('david','video','edit',1),('david','video','view',1);

/*Table structure for table `users_puntuaciones` */

DROP TABLE IF EXISTS `users_puntuaciones`;

CREATE TABLE `users_puntuaciones` (
  `id_puntuacion` int(11) unsigned NOT NULL AUTO_INCREMENT,
  `puntuacion_username` varchar(100) CHARACTER SET utf8 NOT NULL DEFAULT '',
  `puntuacion_puntos` int(11) NOT NULL DEFAULT '0',
  `puntuacion_motivo` varchar(250) CHARACTER SET utf8 NOT NULL DEFAULT '',
  `puntuacion_date` timestamp NOT NULL DEFAULT CURRENT_TIMESTAMP,
  PRIMARY KEY (`id_puntuacion`)
) ENGINE=MyISAM AUTO_INCREMENT=289 DEFAULT CHARSET=latin1;

/*Data for the table `users_puntuaciones` */

insert  into `users_puntuaciones`(`id_puntuacion`,`puntuacion_username`,`puntuacion_puntos`,`puntuacion_motivo`,`puntuacion_date`) values (116,'david',1,'Acceso semanal','2014-07-17 14:03:28'),(117,'admin',1,'Acceso semanal','2014-07-23 10:16:49'),(118,'admin',5,'Comentario en el foro semanal','2014-07-24 13:59:45'),(119,'admin',0,'Comentario en el foro','2014-07-24 13:59:45'),(120,'admin',0,'Comentario en el foro','2014-07-24 14:00:10'),(121,'admin',1,'Acceso semanal','2014-07-28 10:23:33'),(122,'admin',0,'Comentario en el muro','2014-07-29 14:46:12'),(123,'admin',0,'Comentario en el muro','2014-07-29 14:46:57'),(124,'admin',0,'Comentario en el muro','2014-07-30 10:44:49'),(125,'admin',0,'Comentario en el muro','2014-07-30 10:44:52'),(126,'admin',0,'Comentario en el muro','2014-07-30 10:44:55'),(127,'admin',0,'Comentario en el muro','2014-07-30 10:44:59'),(128,'admin',0,'Comentario en el muro','2014-07-30 11:57:02'),(129,'admin',1,'Acceso semanal','2014-08-04 10:34:30'),(130,'admin',1,'Acceso semanal','2014-08-11 09:02:47'),(131,'david',1,'Acceso semanal','2014-08-11 13:01:24'),(132,'admin',1,'Acceso semanal','2014-08-19 09:56:28'),(133,'admin',1,'Acceso semanal','2014-08-27 13:23:13'),(134,'david',1,'Acceso semanal','2014-08-29 08:40:26'),(135,'admin',1,'Acceso semanal','2014-09-08 18:07:54'),(136,'admin',0,'Subida de foto','2014-09-10 11:15:27'),(137,'admin',5,'Comentario en el foro semanal','2014-09-10 14:10:13'),(138,'admin',0,'Comentario en el foro','2014-09-10 14:10:13'),(139,'david',1,'Acceso semanal','2014-09-11 12:56:49'),(140,'admin',1,'Acceso semanal','2014-09-15 08:32:22'),(141,'admin',0,'Subida de foto','2014-09-15 13:35:46'),(142,'admin',0,'Comentario en el muro','2014-09-18 10:31:00'),(143,'david',1,'Acceso semanal','2014-09-18 16:20:54'),(144,'david',0,'Comentario en el muro','2014-09-18 16:21:26'),(145,'admin',1,'Acceso semanal','2014-09-21 01:25:59'),(146,'david',1,'Acceso semanal','2014-09-22 11:21:03'),(147,'david',0,'Comentario en el muro','2014-09-23 12:47:45'),(148,'david',0,'Comentario en el muro','2014-09-23 12:47:50'),(149,'admin',0,'Comentario en el muro','2014-09-23 12:48:19'),(150,'admin',5,'Subida de foto','2014-09-23 16:30:54'),(151,'admin',5,'Subida de foto','2014-09-23 16:32:32'),(152,'admin',5,'Subida de foto','2014-09-23 16:55:19'),(153,'admin',5,'Subida de foto','2014-09-23 17:02:14'),(154,'admin',5,'Subida de foto','2014-09-23 17:02:17'),(155,'admin',5,'Subida de foto','2014-09-23 17:02:21'),(156,'admin',5,'Subida de foto','2014-09-23 17:02:25'),(157,'admin',5,'Subida de foto','2014-09-24 10:13:25'),(158,'admin',5,'Subida de foto','2014-09-24 10:16:37'),(159,'admin',5,'Subida de foto','2014-09-24 10:20:55'),(160,'admin',5,'Subida de foto','2014-09-24 10:23:18'),(161,'admin',5,'Subida de foto','2014-09-24 10:23:22'),(162,'admin',5,'Subida de foto','2014-09-24 10:25:13'),(163,'admin',5,'Subida de foto','2014-09-24 10:25:16'),(164,'admin',5,'Subida de foto','2014-09-24 11:02:16'),(165,'admin',5,'Subida de foto','2014-09-24 11:05:26'),(166,'admin',5,'Subida de foto','2014-09-24 11:05:34'),(167,'admin',5,'Subida de foto','2014-09-24 11:05:38'),(168,'admin',5,'Subida de foto','2014-09-24 11:05:44'),(169,'admin',5,'Subida de foto','2014-09-24 15:46:01'),(170,'admin',5,'Subida de foto','2014-09-24 15:46:06'),(171,'admin',5,'Subida de foto','2014-09-24 15:46:12'),(172,'admin',5,'Subida de foto','2014-09-24 15:46:18'),(173,'admin',5,'Subida de foto','2014-09-24 15:46:23'),(174,'admin',5,'Subida de foto','2014-09-24 15:46:31'),(175,'admin',5,'Subida de foto','2014-09-24 15:46:38'),(176,'admin',5,'Subida de foto','2014-09-24 15:59:07'),(177,'admin',5,'Subida de foto','2014-09-24 15:59:13'),(178,'admin',5,'Subida de foto','2014-09-24 15:59:23'),(179,'admin',5,'Subida de foto','2014-09-24 15:59:30'),(180,'admin',5,'Subida de foto','2014-09-24 15:59:36'),(181,'admin',5,'Subida de foto','2014-09-24 16:05:46'),(182,'admin',5,'Subida de foto','2014-09-24 16:05:52'),(183,'admin',5,'Subida de foto','2014-09-24 16:06:02'),(184,'admin',5,'Subida de foto','2014-09-24 16:06:11'),(185,'admin',5,'Subida de foto','2014-09-24 16:06:18'),(186,'admin',5,'Subida de foto','2014-09-24 16:06:22'),(187,'admin',5,'Subida de foto','2014-09-24 16:06:29'),(188,'admin',5,'Subida de foto','2014-09-24 16:08:32'),(189,'admin',5,'Subida de foto','2014-09-24 16:08:43'),(190,'admin',5,'Subida de foto','2014-09-24 16:08:49'),(191,'admin',5,'Subida de foto','2014-09-24 16:18:56'),(192,'admin',5,'Subida de foto','2014-09-24 16:19:03'),(193,'admin',5,'Subida de foto','2014-09-24 16:19:09'),(194,'admin',5,'Subida de foto','2014-09-24 16:19:15'),(195,'admin',5,'Subida de foto','2014-09-24 16:19:21'),(196,'admin',5,'Subida de foto','2014-09-24 16:19:27'),(197,'admin',5,'Subida de foto','2014-09-24 16:19:32'),(198,'admin',5,'Subida de foto','2014-09-24 16:19:37'),(199,'admin',5,'Subida de foto','2014-09-24 16:19:42'),(200,'admin',5,'Subida de foto','2014-09-24 16:19:48'),(201,'admin',5,'Subida de foto','2014-09-24 16:19:54'),(202,'admin',5,'Comentario en el foro semanal','2014-09-26 12:38:16'),(203,'admin',0,'Comentario en el foro','2014-09-26 12:38:16'),(204,'admin',0,'Comentario en el foro','2014-09-26 12:38:34'),(205,'admin',0,'Comentario en el foro','2014-09-26 12:38:45'),(206,'admin',5,'Subida de foto','2014-09-26 14:09:42'),(207,'admin',5,'Subida de foto','2014-09-26 14:09:52'),(208,'admin',1,'Acceso semanal','2014-09-29 08:43:11'),(209,'admin',5,'Comentario en el foro semanal','2014-09-29 13:50:51'),(210,'admin',0,'Comentario en el foro','2014-09-29 13:50:51'),(211,'admin',0,'Comentario en el foro','2014-09-29 13:51:12'),(212,'david',1,'Acceso semanal','2014-09-29 17:49:15'),(213,'david',0,'Comentario en el muro','2014-09-29 18:01:26'),(214,'admin',0,'Comentario en el foro','2014-09-30 10:33:54'),(215,'admin',0,'Comentario en el foro','2014-09-30 10:34:17'),(216,'admin',0,'Comentario en el foro','2014-09-30 10:35:04'),(217,'admin',0,'Comentario en el foro','2014-09-30 10:37:20'),(218,'admin',0,'Comentario en el foro','2014-09-30 10:40:52'),(219,'admin',0,'Comentario en el foro','2014-10-03 10:40:18'),(220,'admin',0,'Comentario en el foro','2014-10-03 10:42:31'),(221,'admin',1,'Acceso semanal','2014-10-08 13:03:51'),(222,'admin',5,'Comentario en el foro semanal','2014-10-09 11:51:16'),(223,'admin',0,'Comentario en el foro','2014-10-09 11:51:16'),(224,'admin',0,'Comentario en el foro','2014-10-09 11:51:26'),(225,'admin',0,'Comentario en el foro','2014-10-09 11:51:35'),(226,'admin',0,'Comentario en el foro','2014-10-09 16:44:03'),(227,'admin',0,'Comentario en el foro','2014-10-09 18:19:07'),(228,'admin',0,'Comentario en el foro','2014-10-10 12:19:59'),(229,'admin',0,'Comentario en el foro','2014-10-10 12:28:39'),(230,'admin',0,'Comentario en el foro','2014-10-10 15:07:12'),(231,'david',1,'Acceso semanal','2014-10-11 18:05:44'),(232,'david',5,'Comentario en el foro semanal','2014-10-11 18:14:19'),(233,'david',0,'Comentario en el foro','2014-10-11 18:14:19'),(234,'david',1,'Acceso semanal','2014-10-12 01:19:06'),(235,'david',0,'Comentario en el muro','2014-10-12 01:33:45'),(236,'david',0,'Comentario en el muro','2014-10-12 01:35:53'),(237,'admin',1,'Acceso semanal','2014-10-13 09:21:49'),(238,'pedro',5,'Finalización del curso','2014-10-14 14:01:16'),(239,'ADMIN',-3,'Porque s','2014-10-14 14:13:00'),(240,'PEDRO',2,'Finalizaci','2014-10-14 14:13:00'),(241,'ADMIN',-3,'Porque s','2014-10-14 14:13:51'),(242,'PEDRO',2,'Finalizaci','2014-10-14 14:13:51'),(243,'admin',5,'Comentario en el foro semanal','2014-10-15 12:27:11'),(244,'admin',0,'Comentario en el foro','2014-10-15 12:27:11'),(245,'08932984Z',1,'Acceso semanal','2014-10-17 11:50:19'),(246,'admin',0,'Comentario en el muro','2014-10-17 17:04:53'),(247,'admin',1,'Acceso semanal','2014-10-20 08:53:33'),(248,'david',1,'Acceso semanal','2014-10-20 13:56:29'),(249,'admin',5,'Comentario en el foro semanal','2014-10-22 17:49:41'),(250,'admin',0,'Comentario en el foro','2014-10-22 17:49:41'),(251,'admin',0,'Comentario en el foro','2014-10-23 13:44:35'),(252,'admin',0,'Comentario en el foro','2014-10-24 11:39:22'),(253,'admin',0,'Comentario en el foro','2014-10-24 11:39:35'),(254,'admin',1,'Acceso semanal','2014-10-27 08:51:33'),(255,'david',1,'Acceso semanal','2014-10-27 09:43:58'),(256,'admin',1,'Acceso semanal','2014-11-03 10:38:50'),(257,'admin',5,'Comentario en el foro semanal','2014-11-07 12:16:15'),(258,'admin',0,'Comentario en el foro','2014-11-07 12:16:15'),(259,'david',1,'Acceso semanal','2014-11-07 17:07:27'),(260,'admin',1,'Acceso semanal','2014-11-10 10:39:46'),(261,'admin',1,'Acceso semanal','2014-11-17 15:51:14'),(262,'david',1,'Acceso semanal','2014-11-18 12:28:22'),(263,'20266370N',1,'Acceso semanal','2014-11-19 11:12:12'),(264,'admin',1,'Acceso semanal','2014-11-24 10:09:11'),(265,'admin',5,'Comentario en el foro semanal','2014-11-28 13:09:42'),(266,'admin',0,'Comentario en el foro','2014-11-28 13:09:42'),(267,'admin',0,'Comentario en el foro','2014-11-28 13:10:34'),(268,'admin',0,'Comentario en el foro','2014-11-28 13:11:23'),(269,'admin',0,'Comentario en el foro','2014-11-28 13:11:34'),(270,'admin',0,'Comentario en el foro','2014-11-28 13:11:59'),(271,'admin',0,'Comentario en el foro','2014-11-28 13:14:44'),(272,'admin',0,'Comentario en el foro','2014-11-28 13:16:18'),(273,'david',1,'Acceso semanal','2014-11-28 13:16:49'),(274,'david',0,'Comentario en el muro','2014-11-28 13:16:59'),(275,'david',5,'Comentario en el foro semanal','2014-11-28 13:17:29'),(276,'david',0,'Comentario en el foro','2014-11-28 13:17:29'),(277,'admin',0,'Comentario en el foro','2014-11-28 13:19:17'),(278,'admin',0,'Comentario en el foro','2014-11-28 13:20:58'),(279,'david',0,'Comentario en el foro','2014-11-28 14:09:56'),(280,'david',0,'Comentario en el foro','2014-11-28 18:02:25'),(281,'admin',0,'Comentario en el muro','2014-11-28 18:18:53'),(282,'admin',0,'Comentario en el foro','2014-11-28 18:20:19'),(283,'admin',0,'Comentario en el foro','2014-11-28 18:21:22'),(284,'admin',0,'Comentario en el foro','2014-11-28 18:22:18'),(285,'admin',0,'Comentario en el foro','2014-11-28 18:23:54'),(286,'admin',0,'Comentario en el foro','2014-11-28 20:06:41'),(287,'admin',1,'Acceso semanal','2014-12-01 13:32:58'),(288,'david',1,'Acceso semanal','2014-12-02 13:52:39');

/*Table structure for table `users_sucursales` */

DROP TABLE IF EXISTS `users_sucursales`;

CREATE TABLE `users_sucursales` (
  `id_sucursal` int(11) unsigned NOT NULL AUTO_INCREMENT,
  `user_sucursal` varchar(100) NOT NULL DEFAULT '',
  `name_sucursal` varchar(250) NOT NULL DEFAULT '',
  `address_sucursal` text NOT NULL,
  PRIMARY KEY (`id_sucursal`,`user_sucursal`)
) ENGINE=MyISAM AUTO_INCREMENT=11 DEFAULT CHARSET=latin1;

/*Data for the table `users_sucursales` */

insert  into `users_sucursales`(`id_sucursal`,`user_sucursal`,`name_sucursal`,`address_sucursal`) values (1,'20266370N','Sucursal 1 DNG','direccion suc. 1'),(4,'20266370N','Sucursal 2 DNG','C/Vinagre 34, 28000 MADRID'),(7,'admin','CC. TRES AGUAS ','Av. Mollejas 34, Local 18. Alcorcón 28923 - Madrid'),(9,'admin','CC. XANADOO','Paseo de Extremadura 178. Local 29, 28936 MOSTOLES - MADRID'),(10,'admin','Global Vision','C/Medialuna 18. 28000 Madrid - Madrid');

/*Table structure for table `users_tiendas` */

DROP TABLE IF EXISTS `users_tiendas`;

CREATE TABLE `users_tiendas` (
  `cod_tienda` varchar(100) NOT NULL,
  `nombre_tienda` varchar(250) NOT NULL DEFAULT '',
  `regional_tienda` varchar(250) NOT NULL DEFAULT '',
  `responsable_tienda` varchar(250) NOT NULL DEFAULT '',
  `tipo_tienda` varchar(100) NOT NULL DEFAULT 'franquicia',
  PRIMARY KEY (`cod_tienda`)
) ENGINE=MyISAM DEFAULT CHARSET=latin1;

/*Data for the table `users_tiendas` */

insert  into `users_tiendas`(`cod_tienda`,`nombre_tienda`,`regional_tienda`,`responsable_tienda`,`tipo_tienda`) values ('0001','CENTRAL','','','Tienda propia'),('0002','TIENDAS PROPIAS','','','Tienda propia'),('0003','FRANQUICIAS','','','Franquicia');

/*!40101 SET SQL_MODE=@OLD_SQL_MODE */;
/*!40014 SET FOREIGN_KEY_CHECKS=@OLD_FOREIGN_KEY_CHECKS */;
/*!40014 SET UNIQUE_CHECKS=@OLD_UNIQUE_CHECKS */;
/*!40111 SET SQL_NOTES=@OLD_SQL_NOTES */;
